{"context":"signup","level":"error","message":"\nInvalid `__TURBOPACK__imported__module__$5b$project$5d2f$Documents$2f$Gemfitness$2f$gemfiness$2f$src$2f$lib$2f$prisma$2e$ts__$5b$app$2d$route$5d$__$28$ecmascript$29$__[\"prisma\"].user.findUnique()` invocation in\nC:\\Users\\Kay\\Documents\\Gemfitness\\gemfiness\\.next\\dev\\server\\chunks\\[root-of-the-server]__3cb4b96a._.js:881:210\n\n  878 }\n  879 const data = validationResult.data;\n  880 // Check if user already exists\n→ 881 const existingUser = await __TURBOPACK__imported__module__$5b$project$5d2f$Documents$2f$Gemfitness$2f$gemfiness$2f$src$2f$lib$2f$prisma$2e$ts__$5b$app$2d$route$5d$__$28$ecmascript$29$__[\"prisma\"].user.findUnique(\nThe column `users.firstName` does not exist in the current database.","service":"gemfitness","stack":"PrismaClientKnownRequestError: \nInvalid `__TURBOPACK__imported__module__$5b$project$5d2f$Documents$2f$Gemfitness$2f$gemfiness$2f$src$2f$lib$2f$prisma$2e$ts__$5b$app$2d$route$5d$__$28$ecmascript$29$__[\"prisma\"].user.findUnique()` invocation in\nC:\\Users\\Kay\\Documents\\Gemfitness\\gemfiness\\.next\\dev\\server\\chunks\\[root-of-the-server]__3cb4b96a._.js:881:210\n\n  878 }\n  879 const data = validationResult.data;\n  880 // Check if user already exists\n→ 881 const existingUser = await __TURBOPACK__imported__module__$5b$project$5d2f$Documents$2f$Gemfitness$2f$gemfiness$2f$src$2f$lib$2f$prisma$2e$ts__$5b$app$2d$route$5d$__$28$ecmascript$29$__[\"prisma\"].user.findUnique(\nThe column `users.firstName` does not exist in the current database.\n    at ei.handleRequestError (C:\\Users\\Kay\\Documents\\Gemfitness\\gemfiness\\node_modules\\@prisma\\client\\runtime\\library.js:121:7268)\n    at ei.handleAndLogRequestError (C:\\Users\\Kay\\Documents\\Gemfitness\\gemfiness\\node_modules\\@prisma\\client\\runtime\\library.js:121:6593)\n    at ei.request (C:\\Users\\Kay\\Documents\\Gemfitness\\gemfiness\\node_modules\\@prisma\\client\\runtime\\library.js:121:6300)\n    at async a (C:\\Users\\Kay\\Documents\\Gemfitness\\gemfiness\\node_modules\\@prisma\\client\\runtime\\library.js:130:9551)\n    at async POST (C:\\Users\\Kay\\Documents\\Gemfitness\\gemfiness\\.next\\dev\\server\\chunks\\[root-of-the-server]__3cb4b96a._.js:881:30)\n    at async AppRouteRouteModule.do (C:\\Users\\Kay\\Documents\\Gemfitness\\gemfiness\\node_modules\\next\\dist\\compiled\\next-server\\app-route-turbo.runtime.dev.js:5:37789)\n    at async AppRouteRouteModule.handle (C:\\Users\\Kay\\Documents\\Gemfitness\\gemfiness\\node_modules\\next\\dist\\compiled\\next-server\\app-route-turbo.runtime.dev.js:5:45045)\n    at async responseGenerator (C:\\Users\\Kay\\Documents\\Gemfitness\\gemfiness\\.next\\dev\\server\\chunks\\616e5_next_80f619e2._.js:15488:38)\n    at async AppRouteRouteModule.handleResponse (C:\\Users\\Kay\\Documents\\Gemfitness\\gemfiness\\node_modules\\next\\dist\\compiled\\next-server\\app-route-turbo.runtime.dev.js:1:187851)\n    at async handleResponse (C:\\Users\\Kay\\Documents\\Gemfitness\\gemfiness\\.next\\dev\\server\\chunks\\616e5_next_80f619e2._.js:15550:32)\n    at async handler (C:\\Users\\Kay\\Documents\\Gemfitness\\gemfiness\\.next\\dev\\server\\chunks\\616e5_next_80f619e2._.js:15603:13)\n    at async DevServer.renderToResponseWithComponentsImpl (C:\\Users\\Kay\\Documents\\Gemfitness\\gemfiness\\node_modules\\next\\dist\\server\\base-server.js:1413:9)\n    at async DevServer.renderPageComponent (C:\\Users\\Kay\\Documents\\Gemfitness\\gemfiness\\node_modules\\next\\dist\\server\\base-server.js:1465:24)\n    at async DevServer.renderToResponseImpl (C:\\Users\\Kay\\Documents\\Gemfitness\\gemfiness\\node_modules\\next\\dist\\server\\base-server.js:1515:32)\n    at async DevServer.pipeImpl (C:\\Users\\Kay\\Documents\\Gemfitness\\gemfiness\\node_modules\\next\\dist\\server\\base-server.js:1021:25)\n    at async NextNodeServer.handleCatchallRenderRequest (C:\\Users\\Kay\\Documents\\Gemfitness\\gemfiness\\node_modules\\next\\dist\\server\\next-server.js:394:17)\n    at async DevServer.handleRequestImpl (C:\\Users\\Kay\\Documents\\Gemfitness\\gemfiness\\node_modules\\next\\dist\\server\\base-server.js:912:17)\n    at async C:\\Users\\Kay\\Documents\\Gemfitness\\gemfiness\\node_modules\\next\\dist\\server\\dev\\next-dev-server.js:382:20\n    at async Span.traceAsyncFn (C:\\Users\\Kay\\Documents\\Gemfitness\\gemfiness\\node_modules\\next\\dist\\trace\\trace.js:157:20)\n    at async DevServer.handleRequest (C:\\Users\\Kay\\Documents\\Gemfitness\\gemfiness\\node_modules\\next\\dist\\server\\dev\\next-dev-server.js:378:24)\n    at async invokeRender (C:\\Users\\Kay\\Documents\\Gemfitness\\gemfiness\\node_modules\\next\\dist\\server\\lib\\router-server.js:240:21)\n    at async handleRequest (C:\\Users\\Kay\\Documents\\Gemfitness\\gemfiness\\node_modules\\next\\dist\\server\\lib\\router-server.js:436:24)\n    at async requestHandlerImpl (C:\\Users\\Kay\\Documents\\Gemfitness\\gemfiness\\node_modules\\next\\dist\\server\\lib\\router-server.js:484:13)\n    at async Server.requestListener (C:\\Users\\Kay\\Documents\\Gemfitness\\gemfiness\\node_modules\\next\\dist\\server\\lib\\start-server.js:226:13)","timestamp":"2025-11-30 11:56:33"}
{"context":"signup","level":"error","message":"\nInvalid `__TURBOPACK__imported__module__$5b$project$5d2f$Documents$2f$Gemfitness$2f$gemfiness$2f$src$2f$lib$2f$prisma$2e$ts__$5b$app$2d$route$5d$__$28$ecmascript$29$__[\"prisma\"].user.findUnique()` invocation in\nC:\\Users\\Kay\\Documents\\Gemfitness\\gemfiness\\.next\\dev\\server\\chunks\\[root-of-the-server]__3cb4b96a._.js:881:210\n\n  878 }\n  879 const data = validationResult.data;\n  880 // Check if user already exists\n→ 881 const existingUser = await __TURBOPACK__imported__module__$5b$project$5d2f$Documents$2f$Gemfitness$2f$gemfiness$2f$src$2f$lib$2f$prisma$2e$ts__$5b$app$2d$route$5d$__$28$ecmascript$29$__[\"prisma\"].user.findUnique(\nThe column `users.firstName` does not exist in the current database.","service":"gemfitness","stack":"PrismaClientKnownRequestError: \nInvalid `__TURBOPACK__imported__module__$5b$project$5d2f$Documents$2f$Gemfitness$2f$gemfiness$2f$src$2f$lib$2f$prisma$2e$ts__$5b$app$2d$route$5d$__$28$ecmascript$29$__[\"prisma\"].user.findUnique()` invocation in\nC:\\Users\\Kay\\Documents\\Gemfitness\\gemfiness\\.next\\dev\\server\\chunks\\[root-of-the-server]__3cb4b96a._.js:881:210\n\n  878 }\n  879 const data = validationResult.data;\n  880 // Check if user already exists\n→ 881 const existingUser = await __TURBOPACK__imported__module__$5b$project$5d2f$Documents$2f$Gemfitness$2f$gemfiness$2f$src$2f$lib$2f$prisma$2e$ts__$5b$app$2d$route$5d$__$28$ecmascript$29$__[\"prisma\"].user.findUnique(\nThe column `users.firstName` does not exist in the current database.\n    at ei.handleRequestError (C:\\Users\\Kay\\Documents\\Gemfitness\\gemfiness\\node_modules\\@prisma\\client\\runtime\\library.js:121:7268)\n    at ei.handleAndLogRequestError (C:\\Users\\Kay\\Documents\\Gemfitness\\gemfiness\\node_modules\\@prisma\\client\\runtime\\library.js:121:6593)\n    at ei.request (C:\\Users\\Kay\\Documents\\Gemfitness\\gemfiness\\node_modules\\@prisma\\client\\runtime\\library.js:121:6300)\n    at async a (C:\\Users\\Kay\\Documents\\Gemfitness\\gemfiness\\node_modules\\@prisma\\client\\runtime\\library.js:130:9551)\n    at async POST (C:\\Users\\Kay\\Documents\\Gemfitness\\gemfiness\\.next\\dev\\server\\chunks\\[root-of-the-server]__3cb4b96a._.js:881:30)\n    at async AppRouteRouteModule.do (C:\\Users\\Kay\\Documents\\Gemfitness\\gemfiness\\node_modules\\next\\dist\\compiled\\next-server\\app-route-turbo.runtime.dev.js:5:37789)\n    at async AppRouteRouteModule.handle (C:\\Users\\Kay\\Documents\\Gemfitness\\gemfiness\\node_modules\\next\\dist\\compiled\\next-server\\app-route-turbo.runtime.dev.js:5:45045)\n    at async responseGenerator (C:\\Users\\Kay\\Documents\\Gemfitness\\gemfiness\\.next\\dev\\server\\chunks\\616e5_next_80f619e2._.js:15488:38)\n    at async AppRouteRouteModule.handleResponse (C:\\Users\\Kay\\Documents\\Gemfitness\\gemfiness\\node_modules\\next\\dist\\compiled\\next-server\\app-route-turbo.runtime.dev.js:1:187851)\n    at async handleResponse (C:\\Users\\Kay\\Documents\\Gemfitness\\gemfiness\\.next\\dev\\server\\chunks\\616e5_next_80f619e2._.js:15550:32)\n    at async handler (C:\\Users\\Kay\\Documents\\Gemfitness\\gemfiness\\.next\\dev\\server\\chunks\\616e5_next_80f619e2._.js:15603:13)\n    at async DevServer.renderToResponseWithComponentsImpl (C:\\Users\\Kay\\Documents\\Gemfitness\\gemfiness\\node_modules\\next\\dist\\server\\base-server.js:1413:9)\n    at async DevServer.renderPageComponent (C:\\Users\\Kay\\Documents\\Gemfitness\\gemfiness\\node_modules\\next\\dist\\server\\base-server.js:1465:24)\n    at async DevServer.renderToResponseImpl (C:\\Users\\Kay\\Documents\\Gemfitness\\gemfiness\\node_modules\\next\\dist\\server\\base-server.js:1515:32)\n    at async DevServer.pipeImpl (C:\\Users\\Kay\\Documents\\Gemfitness\\gemfiness\\node_modules\\next\\dist\\server\\base-server.js:1021:25)\n    at async NextNodeServer.handleCatchallRenderRequest (C:\\Users\\Kay\\Documents\\Gemfitness\\gemfiness\\node_modules\\next\\dist\\server\\next-server.js:394:17)\n    at async DevServer.handleRequestImpl (C:\\Users\\Kay\\Documents\\Gemfitness\\gemfiness\\node_modules\\next\\dist\\server\\base-server.js:912:17)\n    at async C:\\Users\\Kay\\Documents\\Gemfitness\\gemfiness\\node_modules\\next\\dist\\server\\dev\\next-dev-server.js:382:20\n    at async Span.traceAsyncFn (C:\\Users\\Kay\\Documents\\Gemfitness\\gemfiness\\node_modules\\next\\dist\\trace\\trace.js:157:20)\n    at async DevServer.handleRequest (C:\\Users\\Kay\\Documents\\Gemfitness\\gemfiness\\node_modules\\next\\dist\\server\\dev\\next-dev-server.js:378:24)\n    at async invokeRender (C:\\Users\\Kay\\Documents\\Gemfitness\\gemfiness\\node_modules\\next\\dist\\server\\lib\\router-server.js:240:21)\n    at async handleRequest (C:\\Users\\Kay\\Documents\\Gemfitness\\gemfiness\\node_modules\\next\\dist\\server\\lib\\router-server.js:436:24)\n    at async requestHandlerImpl (C:\\Users\\Kay\\Documents\\Gemfitness\\gemfiness\\node_modules\\next\\dist\\server\\lib\\router-server.js:484:13)\n    at async Server.requestListener (C:\\Users\\Kay\\Documents\\Gemfitness\\gemfiness\\node_modules\\next\\dist\\server\\lib\\start-server.js:226:13)","timestamp":"2025-11-30 11:56:44"}
{"context":"signup","level":"error","message":"\nInvalid `__TURBOPACK__imported__module__$5b$project$5d2f$Documents$2f$Gemfitness$2f$gemfiness$2f$src$2f$lib$2f$prisma$2e$ts__$5b$app$2d$route$5d$__$28$ecmascript$29$__[\"prisma\"].user.findUnique()` invocation in\nC:\\Users\\Kay\\Documents\\Gemfitness\\gemfiness\\.next\\dev\\server\\chunks\\[root-of-the-server]__3cb4b96a._.js:881:210\n\n  878 }\n  879 const data = validationResult.data;\n  880 // Check if user already exists\n→ 881 const existingUser = await __TURBOPACK__imported__module__$5b$project$5d2f$Documents$2f$Gemfitness$2f$gemfiness$2f$src$2f$lib$2f$prisma$2e$ts__$5b$app$2d$route$5d$__$28$ecmascript$29$__[\"prisma\"].user.findUnique(\nThe column `users.firstName` does not exist in the current database.","service":"gemfitness","stack":"PrismaClientKnownRequestError: \nInvalid `__TURBOPACK__imported__module__$5b$project$5d2f$Documents$2f$Gemfitness$2f$gemfiness$2f$src$2f$lib$2f$prisma$2e$ts__$5b$app$2d$route$5d$__$28$ecmascript$29$__[\"prisma\"].user.findUnique()` invocation in\nC:\\Users\\Kay\\Documents\\Gemfitness\\gemfiness\\.next\\dev\\server\\chunks\\[root-of-the-server]__3cb4b96a._.js:881:210\n\n  878 }\n  879 const data = validationResult.data;\n  880 // Check if user already exists\n→ 881 const existingUser = await __TURBOPACK__imported__module__$5b$project$5d2f$Documents$2f$Gemfitness$2f$gemfiness$2f$src$2f$lib$2f$prisma$2e$ts__$5b$app$2d$route$5d$__$28$ecmascript$29$__[\"prisma\"].user.findUnique(\nThe column `users.firstName` does not exist in the current database.\n    at ei.handleRequestError (C:\\Users\\Kay\\Documents\\Gemfitness\\gemfiness\\node_modules\\@prisma\\client\\runtime\\library.js:121:7268)\n    at ei.handleAndLogRequestError (C:\\Users\\Kay\\Documents\\Gemfitness\\gemfiness\\node_modules\\@prisma\\client\\runtime\\library.js:121:6593)\n    at ei.request (C:\\Users\\Kay\\Documents\\Gemfitness\\gemfiness\\node_modules\\@prisma\\client\\runtime\\library.js:121:6300)\n    at async a (C:\\Users\\Kay\\Documents\\Gemfitness\\gemfiness\\node_modules\\@prisma\\client\\runtime\\library.js:130:9551)\n    at async POST (C:\\Users\\Kay\\Documents\\Gemfitness\\gemfiness\\.next\\dev\\server\\chunks\\[root-of-the-server]__3cb4b96a._.js:881:30)\n    at async AppRouteRouteModule.do (C:\\Users\\Kay\\Documents\\Gemfitness\\gemfiness\\node_modules\\next\\dist\\compiled\\next-server\\app-route-turbo.runtime.dev.js:5:37789)\n    at async AppRouteRouteModule.handle (C:\\Users\\Kay\\Documents\\Gemfitness\\gemfiness\\node_modules\\next\\dist\\compiled\\next-server\\app-route-turbo.runtime.dev.js:5:45045)\n    at async responseGenerator (C:\\Users\\Kay\\Documents\\Gemfitness\\gemfiness\\.next\\dev\\server\\chunks\\616e5_next_80f619e2._.js:15488:38)\n    at async AppRouteRouteModule.handleResponse (C:\\Users\\Kay\\Documents\\Gemfitness\\gemfiness\\node_modules\\next\\dist\\compiled\\next-server\\app-route-turbo.runtime.dev.js:1:187851)\n    at async handleResponse (C:\\Users\\Kay\\Documents\\Gemfitness\\gemfiness\\.next\\dev\\server\\chunks\\616e5_next_80f619e2._.js:15550:32)\n    at async handler (C:\\Users\\Kay\\Documents\\Gemfitness\\gemfiness\\.next\\dev\\server\\chunks\\616e5_next_80f619e2._.js:15603:13)\n    at async DevServer.renderToResponseWithComponentsImpl (C:\\Users\\Kay\\Documents\\Gemfitness\\gemfiness\\node_modules\\next\\dist\\server\\base-server.js:1413:9)\n    at async DevServer.renderPageComponent (C:\\Users\\Kay\\Documents\\Gemfitness\\gemfiness\\node_modules\\next\\dist\\server\\base-server.js:1465:24)\n    at async DevServer.renderToResponseImpl (C:\\Users\\Kay\\Documents\\Gemfitness\\gemfiness\\node_modules\\next\\dist\\server\\base-server.js:1515:32)\n    at async DevServer.pipeImpl (C:\\Users\\Kay\\Documents\\Gemfitness\\gemfiness\\node_modules\\next\\dist\\server\\base-server.js:1021:25)\n    at async NextNodeServer.handleCatchallRenderRequest (C:\\Users\\Kay\\Documents\\Gemfitness\\gemfiness\\node_modules\\next\\dist\\server\\next-server.js:394:17)\n    at async DevServer.handleRequestImpl (C:\\Users\\Kay\\Documents\\Gemfitness\\gemfiness\\node_modules\\next\\dist\\server\\base-server.js:912:17)\n    at async C:\\Users\\Kay\\Documents\\Gemfitness\\gemfiness\\node_modules\\next\\dist\\server\\dev\\next-dev-server.js:382:20\n    at async Span.traceAsyncFn (C:\\Users\\Kay\\Documents\\Gemfitness\\gemfiness\\node_modules\\next\\dist\\trace\\trace.js:157:20)\n    at async DevServer.handleRequest (C:\\Users\\Kay\\Documents\\Gemfitness\\gemfiness\\node_modules\\next\\dist\\server\\dev\\next-dev-server.js:378:24)\n    at async invokeRender (C:\\Users\\Kay\\Documents\\Gemfitness\\gemfiness\\node_modules\\next\\dist\\server\\lib\\router-server.js:240:21)\n    at async handleRequest (C:\\Users\\Kay\\Documents\\Gemfitness\\gemfiness\\node_modules\\next\\dist\\server\\lib\\router-server.js:436:24)\n    at async requestHandlerImpl (C:\\Users\\Kay\\Documents\\Gemfitness\\gemfiness\\node_modules\\next\\dist\\server\\lib\\router-server.js:484:13)\n    at async Server.requestListener (C:\\Users\\Kay\\Documents\\Gemfitness\\gemfiness\\node_modules\\next\\dist\\server\\lib\\start-server.js:226:13)","timestamp":"2025-11-30 12:14:23"}
{"amount":750,"email":"kaylonprince@gmail.com","level":"info","message":"🔶 MOCK PAYMENT: Initializing payment","plan":"quarterly","reference":"REF_1764534960616_5ml34kyf5","service":"gemfitness","timestamp":"2025-11-30 12:36:01"}
{"amount":750,"level":"info","message":"PAYMENT: INITIALIZE","plan":"quarterly","reference":"REF_1764534960616_5ml34kyf5","service":"gemfitness","timestamp":"2025-11-30 12:36:01","userId":"pending"}
{"email":"kaylonprince@gmail.com","level":"info","message":"✅ User registered successfully","plan":"THREE_MONTHS","service":"gemfitness","timestamp":"2025-11-30 12:36:01","userId":"cmim6k1sj0000tpdkzvnmky1j"}
{"email":"kaylonprince@gmail.com","level":"info","message":"AUTH: SIGNUP","plan":"THREE_MONTHS","service":"gemfitness","timestamp":"2025-11-30 12:36:01","userId":"cmim6k1sj0000tpdkzvnmky1j"}
{"level":"info","message":"📧 MOCK EMAIL: Sending email","messageId":"msg_1764534961569_hthvq9h5f","service":"gemfitness","subject":"Welcome to GemFitness - Your Membership is Active! 🎉","timestamp":"2025-11-30 12:36:01","to":"kaylonprince@gmail.com"}
{"context":"signup","level":"error","message":"Zero-length key is not supported","service":"gemfitness","stack":"DataError: Zero-length key is not supported\n    at Object.hmacImportKey (node:internal/crypto/mac:152:11)\n    at SubtleCrypto.importKey (node:internal/crypto/webcrypto:589:10)\n    at getSigKey (C:\\Users\\Kay\\Documents\\Gemfitness\\gemfiness\\.next\\dev\\server\\chunks\\616e5_84e5ca58._.js:21793:30)\n    at sign (C:\\Users\\Kay\\Documents\\Gemfitness\\gemfiness\\.next\\dev\\server\\chunks\\616e5_84e5ca58._.js:21818:253)\n    at FlattenedSign.sign (C:\\Users\\Kay\\Documents\\Gemfitness\\gemfiness\\.next\\dev\\server\\chunks\\616e5_84e5ca58._.js:22598:237)\n    at async CompactSign.sign (C:\\Users\\Kay\\Documents\\Gemfitness\\gemfiness\\.next\\dev\\server\\chunks\\616e5_84e5ca58._.js:22632:21)","timestamp":"2025-11-30 12:36:01"}
{"amount":750,"email":"kaylonprince@gmail.com","level":"info","message":"🔶 MOCK PAYMENT: Initializing payment","plan":"quarterly","reference":"REF_1764535462665_d58yj0x1f","service":"gemfitness","timestamp":"2025-11-30 12:44:23"}
{"amount":750,"level":"info","message":"PAYMENT: INITIALIZE","plan":"quarterly","reference":"REF_1764535462665_d58yj0x1f","service":"gemfitness","timestamp":"2025-11-30 12:44:23","userId":"pending"}
{"email":"kaylonprince@gmail.com","level":"info","message":"✅ User registered successfully","plan":"THREE_MONTHS","service":"gemfitness","timestamp":"2025-11-30 12:44:23","userId":"cmim6ut5l0000tpaoel38n88g"}
{"email":"kaylonprince@gmail.com","level":"info","message":"AUTH: SIGNUP","plan":"THREE_MONTHS","service":"gemfitness","timestamp":"2025-11-30 12:44:23","userId":"cmim6ut5l0000tpaoel38n88g"}
{"level":"info","message":"📧 MOCK EMAIL: Sending email","messageId":"msg_1764535463556_bv9ffudph","service":"gemfitness","subject":"Welcome to GemFitness - Your Membership is Active! 🎉","timestamp":"2025-11-30 12:44:23","to":"kaylonprince@gmail.com"}
{"level":"info","message":"User logged out","service":"gemfitness","timestamp":"2025-11-30 13:35:28","userId":"cmim6ut5l0000tpaoel38n88g"}
{"level":"info","message":"AUTH: LOGOUT","service":"gemfitness","timestamp":"2025-11-30 13:35:28","userId":"cmim6ut5l0000tpaoel38n88g"}
{"email":"kaylonprince@gmail.com","level":"warn","message":"Login attempt with incorrect password","service":"gemfitness","timestamp":"2025-11-30 13:44:19","userId":"cmim6ut5l0000tpaoel38n88g"}
{"email":"kaylonprince@gmail.com","level":"warn","message":"Login attempt with incorrect password","service":"gemfitness","timestamp":"2025-11-30 13:44:38","userId":"cmim6ut5l0000tpaoel38n88g"}
{"email":"kaylonprince@gmail.com","level":"warn","message":"Login attempt with incorrect password","service":"gemfitness","timestamp":"2025-11-30 13:45:03","userId":"cmim6ut5l0000tpaoel38n88g"}
{"email":"kaylonprince@gmail.com","level":"warn","message":"Login attempt with incorrect password","service":"gemfitness","timestamp":"2025-11-30 13:47:29","userId":"cmim6ut5l0000tpaoel38n88g"}
{"email":"kaylonprince@gmail.com","level":"warn","message":"Login attempt with incorrect password","service":"gemfitness","timestamp":"2025-11-30 13:48:09","userId":"cmim6ut5l0000tpaoel38n88g"}
{"email":"kaylonprince@gmail.com","level":"warn","message":"Login attempt with incorrect password","service":"gemfitness","timestamp":"2025-11-30 13:48:12","userId":"cmim6ut5l0000tpaoel38n88g"}
{"amount":750,"email":"kaylonprince@gmail.com","level":"info","message":"🔶 MOCK PAYMENT: Initializing payment","plan":"quarterly","reference":"REF_1764539364459_rp7snz17m","service":"gemfitness","timestamp":"2025-11-30 13:49:24"}
{"amount":750,"level":"info","message":"PAYMENT: INITIALIZE","plan":"quarterly","reference":"REF_1764539364459_rp7snz17m","service":"gemfitness","timestamp":"2025-11-30 13:49:24","userId":"pending"}
{"email":"kaylonprince@gmail.com","level":"info","message":"✅ User registered successfully","plan":"THREE_MONTHS","service":"gemfitness","timestamp":"2025-11-30 13:49:25","userId":"cmim96ft90005tpao07a5nf5y"}
{"email":"kaylonprince@gmail.com","level":"info","message":"AUTH: SIGNUP","plan":"THREE_MONTHS","service":"gemfitness","timestamp":"2025-11-30 13:49:25","userId":"cmim96ft90005tpao07a5nf5y"}
{"level":"info","message":"📧 MOCK EMAIL: Sending email","messageId":"msg_1764539365381_5pudyxxas","service":"gemfitness","subject":"Welcome to GemFitness - Your Membership is Active! 🎉","timestamp":"2025-11-30 13:49:25","to":"kaylonprince@gmail.com"}
{"level":"info","message":"User logged out","service":"gemfitness","timestamp":"2025-11-30 13:50:10","userId":"cmim96ft90005tpao07a5nf5y"}
{"level":"info","message":"AUTH: LOGOUT","service":"gemfitness","timestamp":"2025-11-30 13:50:10","userId":"cmim96ft90005tpao07a5nf5y"}
{"email":"kaylonprince@gmail.com","level":"info","message":"✅ User logged in successfully","role":"MEMBER","service":"gemfitness","timestamp":"2025-11-30 13:50:21","userId":"cmim96ft90005tpao07a5nf5y"}
{"email":"kaylonprince@gmail.com","level":"info","message":"AUTH: LOGIN","role":"MEMBER","service":"gemfitness","timestamp":"2025-11-30 13:50:21","userId":"cmim96ft90005tpao07a5nf5y"}
{"level":"info","message":"User logged out","service":"gemfitness","timestamp":"2025-11-30 13:50:25","userId":"cmim96ft90005tpao07a5nf5y"}
{"level":"info","message":"AUTH: LOGOUT","service":"gemfitness","timestamp":"2025-11-30 13:50:25","userId":"cmim96ft90005tpao07a5nf5y"}
{"email":"kaylonprince@gmail.com","level":"info","message":"✅ User logged in successfully","role":"ADMIN","service":"gemfitness","timestamp":"2025-11-30 13:50:57","userId":"cmim96ft90005tpao07a5nf5y"}
{"email":"kaylonprince@gmail.com","level":"info","message":"AUTH: LOGIN","role":"ADMIN","service":"gemfitness","timestamp":"2025-11-30 13:50:57","userId":"cmim96ft90005tpao07a5nf5y"}
{"email":"kaylonprince@gmail.com","level":"info","message":"✅ User logged in successfully","role":"ADMIN","service":"gemfitness","timestamp":"2025-11-30 15:13:36","userId":"cmim96ft90005tpao07a5nf5y"}
{"email":"kaylonprince@gmail.com","level":"info","message":"AUTH: LOGIN","role":"ADMIN","service":"gemfitness","timestamp":"2025-11-30 15:13:36","userId":"cmim96ft90005tpao07a5nf5y"}
{"email":"kaylonprince@gmail.com","level":"info","message":"✅ User logged in successfully","role":"ADMIN","service":"gemfitness","timestamp":"2025-11-30 15:49:50","userId":"cmim96ft90005tpao07a5nf5y"}
{"email":"kaylonprince@gmail.com","level":"info","message":"AUTH: LOGIN","role":"ADMIN","service":"gemfitness","timestamp":"2025-11-30 15:49:50","userId":"cmim96ft90005tpao07a5nf5y"}
{"email":"kaylonprince@gmail.com","level":"info","message":"✅ User logged in successfully","role":"ADMIN","service":"gemfitness","timestamp":"2025-11-30 16:00:52","userId":"cmim96ft90005tpao07a5nf5y"}
{"email":"kaylonprince@gmail.com","level":"info","message":"AUTH: LOGIN","role":"ADMIN","service":"gemfitness","timestamp":"2025-11-30 16:00:52","userId":"cmim96ft90005tpao07a5nf5y"}
{"email":"kaylonprince@gmail.com","level":"info","message":"✅ User logged in successfully","role":"ADMIN","service":"gemfitness","timestamp":"2025-11-30 16:14:15","userId":"cmim96ft90005tpao07a5nf5y"}
{"email":"kaylonprince@gmail.com","level":"info","message":"AUTH: LOGIN","role":"ADMIN","service":"gemfitness","timestamp":"2025-11-30 16:14:15","userId":"cmim96ft90005tpao07a5nf5y"}
{"email":"kaylonprince@gmail.com","level":"info","message":"✅ User logged in successfully","role":"ADMIN","service":"gemfitness","timestamp":"2025-11-30 16:21:36","userId":"cmim96ft90005tpao07a5nf5y"}
{"email":"kaylonprince@gmail.com","level":"info","message":"AUTH: LOGIN","role":"ADMIN","service":"gemfitness","timestamp":"2025-11-30 16:21:36","userId":"cmim96ft90005tpao07a5nf5y"}
{"email":"kaylonprince@gmail.com","level":"warn","message":"Login attempt with incorrect password","service":"gemfitness","timestamp":"2025-12-01 02:05:22","userId":"cmim96ft90005tpao07a5nf5y"}
{"email":"kaylonprince@gmail.com","level":"info","message":"✅ User logged in successfully","role":"ADMIN","service":"gemfitness","timestamp":"2025-12-01 02:06:01","userId":"cmim96ft90005tpao07a5nf5y"}
{"email":"kaylonprince@gmail.com","level":"info","message":"AUTH: LOGIN","role":"ADMIN","service":"gemfitness","timestamp":"2025-12-01 02:06:01","userId":"cmim96ft90005tpao07a5nf5y"}
{"email":"kaylonprince@gmail.com","level":"info","message":"✅ User logged in successfully","role":"ADMIN","service":"gemfitness","timestamp":"2025-12-01 02:44:58","userId":"cmim96ft90005tpao07a5nf5y"}
{"email":"kaylonprince@gmail.com","level":"info","message":"AUTH: LOGIN","role":"ADMIN","service":"gemfitness","timestamp":"2025-12-01 02:44:58","userId":"cmim96ft90005tpao07a5nf5y"}
{"email":"kaylonprince@gmail.com","level":"info","message":"✅ User logged in successfully","role":"ADMIN","service":"gemfitness","timestamp":"2025-12-01 03:04:24","userId":"cmim96ft90005tpao07a5nf5y"}
{"email":"kaylonprince@gmail.com","level":"info","message":"AUTH: LOGIN","role":"ADMIN","service":"gemfitness","timestamp":"2025-12-01 03:04:24","userId":"cmim96ft90005tpao07a5nf5y"}
{"email":"kaylonprince@gmail.com","level":"info","message":"✅ User logged in successfully","role":"ADMIN","service":"gemfitness","timestamp":"2025-12-01 03:25:22","userId":"cmim96ft90005tpao07a5nf5y"}
{"email":"kaylonprince@gmail.com","level":"info","message":"AUTH: LOGIN","role":"ADMIN","service":"gemfitness","timestamp":"2025-12-01 03:25:22","userId":"cmim96ft90005tpao07a5nf5y"}
{"email":"kaylonprince@gmail.com","level":"info","message":"✅ User logged in successfully","role":"ADMIN","service":"gemfitness","timestamp":"2025-12-01 04:25:32","userId":"cmim96ft90005tpao07a5nf5y"}
{"email":"kaylonprince@gmail.com","level":"info","message":"AUTH: LOGIN","role":"ADMIN","service":"gemfitness","timestamp":"2025-12-01 04:25:32","userId":"cmim96ft90005tpao07a5nf5y"}
{"amount":750,"email":"junior@gmail.com","level":"info","message":"🔶 MOCK PAYMENT: Initializing payment","plan":"quarterly","reference":"REF_1764593781255_6os0rolzo","service":"gemfitness","timestamp":"2025-12-01 04:56:21"}
{"amount":750,"level":"info","message":"PAYMENT: INITIALIZE","plan":"quarterly","reference":"REF_1764593781255_6os0rolzo","service":"gemfitness","timestamp":"2025-12-01 04:56:21","userId":"pending"}
{"email":"junior@gmail.com","level":"info","message":"✅ User registered successfully","plan":"THREE_MONTHS","service":"gemfitness","timestamp":"2025-12-01 04:56:21","userId":"cmin5ks300000tpekh0dhdzvu"}
{"email":"junior@gmail.com","level":"info","message":"AUTH: SIGNUP","plan":"THREE_MONTHS","service":"gemfitness","timestamp":"2025-12-01 04:56:21","userId":"cmin5ks300000tpekh0dhdzvu"}
{"level":"info","message":"📧 MOCK EMAIL: Sending email","messageId":"msg_1764593782226_5dwuxm7ct","service":"gemfitness","subject":"Welcome to GemFitness - Your Membership is Active! 🎉","timestamp":"2025-12-01 04:56:22","to":"junior@gmail.com"}
{"email":"junior@gmail.com","level":"info","message":"✅ User logged in successfully","role":"MEMBER","service":"gemfitness","timestamp":"2025-12-01 05:34:11","userId":"cmin5ks300000tpekh0dhdzvu"}
{"email":"junior@gmail.com","level":"info","message":"AUTH: LOGIN","role":"MEMBER","service":"gemfitness","timestamp":"2025-12-01 05:34:11","userId":"cmin5ks300000tpekh0dhdzvu"}
{"level":"info","message":"User logged out","service":"gemfitness","timestamp":"2025-12-01 05:36:22","userId":"cmin5ks300000tpekh0dhdzvu"}
{"level":"info","message":"AUTH: LOGOUT","service":"gemfitness","timestamp":"2025-12-01 05:36:22","userId":"cmin5ks300000tpekh0dhdzvu"}
{"email":"kaylonprince@gmail.com","level":"info","message":"✅ User logged in successfully","role":"ADMIN","service":"gemfitness","timestamp":"2025-12-01 05:43:03","userId":"cmim96ft90005tpao07a5nf5y"}
{"email":"kaylonprince@gmail.com","level":"info","message":"AUTH: LOGIN","role":"ADMIN","service":"gemfitness","timestamp":"2025-12-01 05:43:03","userId":"cmim96ft90005tpao07a5nf5y"}
{"email":"kaylonprince@gmail.com","level":"info","message":"✅ User logged in successfully","role":"ADMIN","service":"gemfitness","timestamp":"2025-12-01 06:33:28","userId":"cmim96ft90005tpao07a5nf5y"}
{"email":"kaylonprince@gmail.com","level":"info","message":"AUTH: LOGIN","role":"ADMIN","service":"gemfitness","timestamp":"2025-12-01 06:33:28","userId":"cmim96ft90005tpao07a5nf5y"}
{"email":"kaylonprince@gmail.com","level":"info","message":"✅ User logged in successfully","role":"ADMIN","service":"gemfitness","timestamp":"2025-12-02 15:06:19","userId":"cmim96ft90005tpao07a5nf5y"}
{"email":"kaylonprince@gmail.com","level":"info","message":"AUTH: LOGIN","role":"ADMIN","service":"gemfitness","timestamp":"2025-12-02 15:06:19","userId":"cmim96ft90005tpao07a5nf5y"}
{"email":"kaylonprince@gmail.com","level":"info","message":"✅ User logged in successfully","role":"ADMIN","service":"gemfitness","timestamp":"2025-12-02 15:41:45","userId":"cmim96ft90005tpao07a5nf5y"}
{"email":"kaylonprince@gmail.com","level":"info","message":"AUTH: LOGIN","role":"ADMIN","service":"gemfitness","timestamp":"2025-12-02 15:41:45","userId":"cmim96ft90005tpao07a5nf5y"}
{"level":"info","limit":null,"message":"Fetching check-ins","service":"gemfitness","timestamp":"2025-12-02 15:41:48","today":"2025-12-02T08:00:00.000Z"}
{"level":"info","message":"Fetching analytics data","service":"gemfitness","timestamp":"2025-12-02 15:41:48"}
{"level":"info","message":"Fetching check-in stats","service":"gemfitness","timestamp":"2025-12-02 15:41:48","todayStart":"2025-12-02T08:00:00.000Z"}
{"email":"kaylonprince@gmail.com","level":"info","message":"✅ User logged in successfully","role":"ADMIN","service":"gemfitness","timestamp":"2025-12-02 15:52:18","userId":"cmim96ft90005tpao07a5nf5y"}
{"email":"kaylonprince@gmail.com","level":"info","message":"AUTH: LOGIN","role":"ADMIN","service":"gemfitness","timestamp":"2025-12-02 15:52:18","userId":"cmim96ft90005tpao07a5nf5y"}
{"level":"info","limit":null,"message":"Fetching check-ins","service":"gemfitness","timestamp":"2025-12-02 15:52:20","today":"2025-12-02T08:00:00.000Z"}
{"level":"info","message":"Fetching check-in stats","service":"gemfitness","timestamp":"2025-12-02 15:52:20","todayStart":"2025-12-02T08:00:00.000Z"}
{"level":"info","message":"Fetching analytics data","service":"gemfitness","timestamp":"2025-12-02 15:52:21"}
{"email":"kaylonprince@gmail.com","level":"info","message":"✅ User logged in successfully","role":"ADMIN","service":"gemfitness","timestamp":"2025-12-02 15:55:17","userId":"cmim96ft90005tpao07a5nf5y"}
{"email":"kaylonprince@gmail.com","level":"info","message":"AUTH: LOGIN","role":"ADMIN","service":"gemfitness","timestamp":"2025-12-02 15:55:17","userId":"cmim96ft90005tpao07a5nf5y"}
{"level":"info","message":"Fetching analytics data","service":"gemfitness","timestamp":"2025-12-02 15:55:20"}
{"level":"info","message":"Fetching check-in stats","service":"gemfitness","timestamp":"2025-12-02 15:55:21","todayStart":"2025-12-02T08:00:00.000Z"}
{"level":"info","limit":null,"message":"Fetching check-ins","service":"gemfitness","timestamp":"2025-12-02 15:55:21","today":"2025-12-02T08:00:00.000Z"}
{"email":"kaylonprince@gmail.com","level":"info","message":"✅ User logged in successfully","role":"ADMIN","service":"gemfitness","timestamp":"2025-12-02 16:07:30","userId":"cmim96ft90005tpao07a5nf5y"}
{"email":"kaylonprince@gmail.com","level":"info","message":"AUTH: LOGIN","role":"ADMIN","service":"gemfitness","timestamp":"2025-12-02 16:07:30","userId":"cmim96ft90005tpao07a5nf5y"}
{"level":"info","message":"Fetching check-in stats","service":"gemfitness","timestamp":"2025-12-02 16:07:33","todayStart":"2025-12-02T08:00:00.000Z"}
{"level":"info","message":"Fetching analytics data","service":"gemfitness","timestamp":"2025-12-02 16:07:33"}
{"level":"info","limit":null,"message":"Fetching check-ins","service":"gemfitness","timestamp":"2025-12-02 16:07:33","today":"2025-12-02T08:00:00.000Z","tomorrow":"2025-12-03T08:00:00.000Z"}
{"level":"info","limit":null,"message":"Fetching check-ins","service":"gemfitness","timestamp":"2025-12-02 00:34:22","today":"2025-12-02T00:00:00.000Z","tomorrow":"2025-12-03T00:00:00.000Z"}
{"level":"info","limit":null,"message":"Fetching check-ins","service":"gemfitness","timestamp":"2025-12-02 00:34:22","today":"2025-12-02T00:00:00.000Z","tomorrow":"2025-12-03T00:00:00.000Z"}
{"level":"info","limit":null,"message":"Fetching check-ins","service":"gemfitness","timestamp":"2025-12-02 00:34:22","today":"2025-12-02T00:00:00.000Z","tomorrow":"2025-12-03T00:00:00.000Z"}
{"level":"info","message":"Fetching check-in stats","service":"gemfitness","timestamp":"2025-12-02 00:34:23","todayStart":"2025-12-02T00:00:00.000Z"}
{"level":"info","message":"Fetching check-in stats","service":"gemfitness","timestamp":"2025-12-02 00:34:23","todayStart":"2025-12-02T00:00:00.000Z"}
{"level":"info","message":"Fetching check-in stats","service":"gemfitness","timestamp":"2025-12-02 00:34:23","todayStart":"2025-12-02T00:00:00.000Z"}
{"level":"info","message":"Found 0 check-ins for today","service":"gemfitness","timestamp":"2025-12-02 00:34:23"}
{"level":"info","message":"Found 0 check-ins for today","service":"gemfitness","timestamp":"2025-12-02 00:34:23"}
{"level":"info","message":"Found 0 check-ins for today","service":"gemfitness","timestamp":"2025-12-02 00:34:23"}
{"activeNow":0,"level":"info","message":"Check-in stats calculated","service":"gemfitness","thisWeek":0,"timestamp":"2025-12-02 00:34:23","today":0}
{"activeNow":0,"level":"info","message":"Check-in stats calculated","service":"gemfitness","thisWeek":0,"timestamp":"2025-12-02 00:34:23","today":0}
{"activeNow":0,"level":"info","message":"Check-in stats calculated","service":"gemfitness","thisWeek":0,"timestamp":"2025-12-02 00:34:23","today":0}
{"level":"info","message":"Fetching check-in stats","service":"gemfitness","timestamp":"2025-12-02 00:34:23","todayStart":"2025-12-02T00:00:00.000Z"}
{"level":"info","limit":null,"message":"Fetching check-ins","service":"gemfitness","timestamp":"2025-12-02 00:34:23","today":"2025-12-02T00:00:00.000Z","tomorrow":"2025-12-03T00:00:00.000Z"}
{"level":"info","message":"Found 0 check-ins for today","service":"gemfitness","timestamp":"2025-12-02 00:34:23"}
{"level":"info","message":"Fetching check-in stats","service":"gemfitness","timestamp":"2025-12-02 00:34:24","todayStart":"2025-12-02T00:00:00.000Z"}
{"level":"info","message":"Fetching check-in stats","service":"gemfitness","timestamp":"2025-12-02 00:34:24","todayStart":"2025-12-02T00:00:00.000Z"}
{"level":"info","limit":null,"message":"Fetching check-ins","service":"gemfitness","timestamp":"2025-12-02 00:34:24","today":"2025-12-02T00:00:00.000Z","tomorrow":"2025-12-03T00:00:00.000Z"}
{"activeNow":0,"level":"info","message":"Check-in stats calculated","service":"gemfitness","thisWeek":0,"timestamp":"2025-12-02 00:34:24","today":0}
{"level":"info","message":"Found 0 check-ins for today","service":"gemfitness","timestamp":"2025-12-02 00:34:24"}
{"activeNow":0,"level":"info","message":"Check-in stats calculated","service":"gemfitness","thisWeek":0,"timestamp":"2025-12-02 00:34:24","today":0}
{"activeNow":0,"level":"info","message":"Check-in stats calculated","service":"gemfitness","thisWeek":0,"timestamp":"2025-12-02 00:34:25","today":0}
{"level":"info","limit":null,"message":"Fetching check-ins","service":"gemfitness","timestamp":"2025-12-02 00:34:25","today":"2025-12-02T00:00:00.000Z","tomorrow":"2025-12-03T00:00:00.000Z"}
{"level":"info","message":"Found 0 check-ins for today","service":"gemfitness","timestamp":"2025-12-02 00:34:25"}
{"level":"info","message":"Fetching check-in stats","service":"gemfitness","timestamp":"2025-12-02 00:34:25","todayStart":"2025-12-02T00:00:00.000Z"}
{"activeNow":0,"level":"info","message":"Check-in stats calculated","service":"gemfitness","thisWeek":0,"timestamp":"2025-12-02 00:34:25","today":0}
{"level":"info","message":"Fetching analytics data","service":"gemfitness","timestamp":"2025-12-02 00:34:26"}
{"email":"kaylonprince@gmail.com","level":"warn","message":"Login attempt with incorrect password","service":"gemfitness","timestamp":"2025-12-02 00:38:16","userId":"cmim96ft90005tpao07a5nf5y"}
{"email":"kaylonprince@gmail.com","level":"info","message":"✅ User logged in successfully","role":"ADMIN","service":"gemfitness","timestamp":"2025-12-02 00:38:32","userId":"cmim96ft90005tpao07a5nf5y"}
{"email":"kaylonprince@gmail.com","level":"info","message":"AUTH: LOGIN","role":"ADMIN","service":"gemfitness","timestamp":"2025-12-02 00:38:32","userId":"cmim96ft90005tpao07a5nf5y"}
{"level":"info","message":"Fetching check-in stats","service":"gemfitness","timestamp":"2025-12-02 00:38:36","todayStart":"2025-12-02T00:00:00.000Z"}
{"level":"info","limit":null,"message":"Fetching check-ins","service":"gemfitness","timestamp":"2025-12-02 00:38:36","today":"2025-12-02T00:00:00.000Z","tomorrow":"2025-12-03T00:00:00.000Z"}
{"level":"info","message":"Fetching analytics data","service":"gemfitness","timestamp":"2025-12-02 00:38:36"}
{"level":"info","message":"Found 0 check-ins for today","service":"gemfitness","timestamp":"2025-12-02 00:38:37"}
{"email":"kaylonprince@gmail.com","level":"info","message":"✅ User logged in successfully","role":"ADMIN","service":"gemfitness","timestamp":"2025-12-02 01:15:28","userId":"cmim96ft90005tpao07a5nf5y"}
{"email":"kaylonprince@gmail.com","level":"info","message":"AUTH: LOGIN","role":"ADMIN","service":"gemfitness","timestamp":"2025-12-02 01:15:28","userId":"cmim96ft90005tpao07a5nf5y"}
{"level":"info","message":"Fetching check-in stats","service":"gemfitness","timestamp":"2025-12-02 01:15:31","todayStart":"2025-12-02T00:00:00.000Z"}
{"level":"info","message":"Fetching analytics data","service":"gemfitness","timestamp":"2025-12-02 01:15:31"}
{"level":"info","limit":null,"message":"Fetching check-ins","service":"gemfitness","timestamp":"2025-12-02 01:15:31","today":"2025-12-02T00:00:00.000Z","tomorrow":"2025-12-03T00:00:00.000Z"}
{"email":"kaylonprince@gmail.com","level":"info","message":"✅ User logged in successfully","role":"ADMIN","service":"gemfitness","timestamp":"2025-12-02 01:35:15","userId":"cmim96ft90005tpao07a5nf5y"}
{"email":"kaylonprince@gmail.com","level":"info","message":"AUTH: LOGIN","role":"ADMIN","service":"gemfitness","timestamp":"2025-12-02 01:35:15","userId":"cmim96ft90005tpao07a5nf5y"}
{"level":"info","limit":null,"message":"Fetching check-ins","service":"gemfitness","timestamp":"2025-12-02 01:35:17","today":"2025-12-02T00:00:00.000Z","tomorrow":"2025-12-03T00:00:00.000Z"}
{"level":"info","message":"Fetching check-in stats","service":"gemfitness","timestamp":"2025-12-02 01:35:17","todayStart":"2025-12-02T00:00:00.000Z"}
{"level":"info","message":"Fetching analytics data","service":"gemfitness","timestamp":"2025-12-02 01:35:17"}
{"email":"kaylonprince@gmail.com","level":"info","message":"✅ User logged in successfully","role":"ADMIN","service":"gemfitness","timestamp":"2025-12-02 01:44:58","userId":"cmim96ft90005tpao07a5nf5y"}
{"email":"kaylonprince@gmail.com","level":"info","message":"AUTH: LOGIN","role":"ADMIN","service":"gemfitness","timestamp":"2025-12-02 01:44:58","userId":"cmim96ft90005tpao07a5nf5y"}
{"level":"info","message":"Fetching analytics data","service":"gemfitness","timestamp":"2025-12-02 01:45:02"}
{"level":"info","limit":null,"message":"Fetching check-ins","service":"gemfitness","timestamp":"2025-12-02 01:45:02","today":"2025-12-02T00:00:00.000Z","tomorrow":"2025-12-03T00:00:00.000Z"}
{"level":"info","message":"Fetching check-in stats","service":"gemfitness","timestamp":"2025-12-02 01:45:02","todayStart":"2025-12-02T00:00:00.000Z"}
{"email":"kaylonprince@gmail.com","level":"info","message":"✅ User logged in successfully","role":"ADMIN","service":"gemfitness","timestamp":"2025-12-02 01:49:39","userId":"cmim96ft90005tpao07a5nf5y"}
{"email":"kaylonprince@gmail.com","level":"info","message":"AUTH: LOGIN","role":"ADMIN","service":"gemfitness","timestamp":"2025-12-02 01:49:39","userId":"cmim96ft90005tpao07a5nf5y"}
{"level":"info","limit":null,"message":"Fetching check-ins","service":"gemfitness","timestamp":"2025-12-02 01:49:42","today":"2025-12-02T00:00:00.000Z","tomorrow":"2025-12-03T00:00:00.000Z"}
{"level":"info","message":"Fetching check-in stats","service":"gemfitness","timestamp":"2025-12-02 01:49:42","todayStart":"2025-12-02T00:00:00.000Z"}
{"level":"info","message":"Fetching analytics data","service":"gemfitness","timestamp":"2025-12-02 01:49:43"}
{"level":"info","message":"Found 0 check-ins for today","service":"gemfitness","timestamp":"2025-12-02 01:49:43"}
{"email":"kaylonprince@gmail.com","level":"info","message":"✅ User logged in successfully","role":"ADMIN","service":"gemfitness","timestamp":"2025-12-02 01:52:26","userId":"cmim96ft90005tpao07a5nf5y"}
{"email":"kaylonprince@gmail.com","level":"info","message":"AUTH: LOGIN","role":"ADMIN","service":"gemfitness","timestamp":"2025-12-02 01:52:26","userId":"cmim96ft90005tpao07a5nf5y"}
{"level":"info","message":"Fetching analytics data","service":"gemfitness","timestamp":"2025-12-02 01:52:28"}
{"level":"info","message":"Fetching check-in stats","service":"gemfitness","timestamp":"2025-12-02 01:52:28","todayStart":"2025-12-02T00:00:00.000Z"}
{"level":"info","limit":null,"message":"Fetching check-ins","service":"gemfitness","timestamp":"2025-12-02 01:52:28","today":"2025-12-02T00:00:00.000Z","tomorrow":"2025-12-03T00:00:00.000Z"}
{"email":"kaylonprince@gmail.com","level":"info","message":"✅ User logged in successfully","role":"ADMIN","service":"gemfitness","timestamp":"2025-12-02 01:54:37","userId":"cmim96ft90005tpao07a5nf5y"}
{"email":"kaylonprince@gmail.com","level":"info","message":"AUTH: LOGIN","role":"ADMIN","service":"gemfitness","timestamp":"2025-12-02 01:54:37","userId":"cmim96ft90005tpao07a5nf5y"}
{"level":"info","limit":null,"message":"Fetching check-ins","service":"gemfitness","timestamp":"2025-12-02 01:54:40","today":"2025-12-02T00:00:00.000Z","tomorrow":"2025-12-03T00:00:00.000Z"}
{"level":"info","message":"Fetching check-in stats","service":"gemfitness","timestamp":"2025-12-02 01:54:40","todayStart":"2025-12-02T00:00:00.000Z"}
{"level":"info","message":"Fetching analytics data","service":"gemfitness","timestamp":"2025-12-02 01:54:40"}
{"email":"kaylonprince@gmail.com","level":"info","message":"✅ User logged in successfully","role":"ADMIN","service":"gemfitness","timestamp":"2025-12-02 02:02:08","userId":"cmim96ft90005tpao07a5nf5y"}
{"email":"kaylonprince@gmail.com","level":"info","message":"AUTH: LOGIN","role":"ADMIN","service":"gemfitness","timestamp":"2025-12-02 02:02:08","userId":"cmim96ft90005tpao07a5nf5y"}
{"level":"info","message":"Fetching analytics data","service":"gemfitness","timestamp":"2025-12-02 02:02:10"}
{"level":"info","limit":null,"message":"Fetching check-ins","service":"gemfitness","timestamp":"2025-12-02 02:02:10","today":"2025-12-02T00:00:00.000Z","tomorrow":"2025-12-03T00:00:00.000Z"}
{"level":"info","message":"Fetching check-in stats","service":"gemfitness","timestamp":"2025-12-02 02:02:10","todayStart":"2025-12-02T00:00:00.000Z"}
{"email":"kaylonprince@gmail.com","level":"info","message":"✅ User logged in successfully","role":"ADMIN","service":"gemfitness","timestamp":"2025-12-02 02:19:57","userId":"cmim96ft90005tpao07a5nf5y"}
{"email":"kaylonprince@gmail.com","level":"info","message":"AUTH: LOGIN","role":"ADMIN","service":"gemfitness","timestamp":"2025-12-02 02:19:57","userId":"cmim96ft90005tpao07a5nf5y"}
{"level":"info","message":"Fetching analytics data","service":"gemfitness","timestamp":"2025-12-02 02:20:00"}
{"level":"info","message":"Fetching check-in stats","service":"gemfitness","timestamp":"2025-12-02 02:20:00","todayStart":"2025-12-02T00:00:00.000Z"}
{"level":"info","limit":null,"message":"Fetching check-ins","service":"gemfitness","timestamp":"2025-12-02 02:20:00","today":"2025-12-02T00:00:00.000Z","tomorrow":"2025-12-03T00:00:00.000Z"}
{"email":"kaylonprince@gmail.com","level":"info","message":"✅ User logged in successfully","role":"ADMIN","service":"gemfitness","timestamp":"2025-12-02 02:22:53","userId":"cmim96ft90005tpao07a5nf5y"}
{"email":"kaylonprince@gmail.com","level":"info","message":"AUTH: LOGIN","role":"ADMIN","service":"gemfitness","timestamp":"2025-12-02 02:22:53","userId":"cmim96ft90005tpao07a5nf5y"}
{"level":"info","limit":null,"message":"Fetching check-ins","service":"gemfitness","timestamp":"2025-12-02 02:22:58","today":"2025-12-02T00:00:00.000Z","tomorrow":"2025-12-03T00:00:00.000Z"}
{"level":"info","message":"Fetching check-in stats","service":"gemfitness","timestamp":"2025-12-02 02:22:58","todayStart":"2025-12-02T00:00:00.000Z"}
{"level":"info","message":"Fetching analytics data","service":"gemfitness","timestamp":"2025-12-02 02:22:58"}
{"email":"kaylonprince@gmail.com","level":"info","message":"✅ User logged in successfully","role":"ADMIN","service":"gemfitness","timestamp":"2025-12-02 02:37:46","userId":"cmim96ft90005tpao07a5nf5y"}
{"email":"kaylonprince@gmail.com","level":"info","message":"AUTH: LOGIN","role":"ADMIN","service":"gemfitness","timestamp":"2025-12-02 02:37:46","userId":"cmim96ft90005tpao07a5nf5y"}
{"level":"info","message":"Fetching analytics data","service":"gemfitness","timestamp":"2025-12-02 02:37:50"}
{"level":"info","message":"Fetching check-in stats","service":"gemfitness","timestamp":"2025-12-02 02:37:50","todayStart":"2025-12-02T00:00:00.000Z"}
{"level":"info","limit":null,"message":"Fetching check-ins","service":"gemfitness","timestamp":"2025-12-02 02:37:50","today":"2025-12-02T00:00:00.000Z","tomorrow":"2025-12-03T00:00:00.000Z"}
{"email":"kaylonprince@gmail.com","level":"info","message":"✅ User logged in successfully","role":"ADMIN","service":"gemfitness","timestamp":"2025-12-02 02:41:23","userId":"cmim96ft90005tpao07a5nf5y"}
{"email":"kaylonprince@gmail.com","level":"info","message":"AUTH: LOGIN","role":"ADMIN","service":"gemfitness","timestamp":"2025-12-02 02:41:23","userId":"cmim96ft90005tpao07a5nf5y"}
{"level":"info","message":"Fetching analytics data","service":"gemfitness","timestamp":"2025-12-02 02:41:26"}
{"level":"info","limit":null,"message":"Fetching check-ins","service":"gemfitness","timestamp":"2025-12-02 02:41:26","today":"2025-12-02T00:00:00.000Z","tomorrow":"2025-12-03T00:00:00.000Z"}
{"level":"info","message":"Fetching check-in stats","service":"gemfitness","timestamp":"2025-12-02 02:41:27","todayStart":"2025-12-02T00:00:00.000Z"}
{"email":"kaylonprince@gmail.com","level":"info","message":"✅ User logged in successfully","role":"ADMIN","service":"gemfitness","timestamp":"2025-12-02 02:51:48","userId":"cmim96ft90005tpao07a5nf5y"}
{"email":"kaylonprince@gmail.com","level":"info","message":"AUTH: LOGIN","role":"ADMIN","service":"gemfitness","timestamp":"2025-12-02 02:51:48","userId":"cmim96ft90005tpao07a5nf5y"}
{"level":"info","limit":null,"message":"Fetching check-ins","service":"gemfitness","timestamp":"2025-12-02 02:51:51","today":"2025-12-02T00:00:00.000Z","tomorrow":"2025-12-03T00:00:00.000Z"}
{"level":"info","message":"Fetching analytics data","service":"gemfitness","timestamp":"2025-12-02 02:51:51"}
{"level":"info","message":"Fetching check-in stats","service":"gemfitness","timestamp":"2025-12-02 02:51:52","todayStart":"2025-12-02T00:00:00.000Z"}
{"email":"kaylonprince@gmail.com","level":"info","message":"✅ User logged in successfully","role":"ADMIN","service":"gemfitness","timestamp":"2025-12-02 03:45:13","userId":"cmim96ft90005tpao07a5nf5y"}
{"email":"kaylonprince@gmail.com","level":"info","message":"AUTH: LOGIN","role":"ADMIN","service":"gemfitness","timestamp":"2025-12-02 03:45:13","userId":"cmim96ft90005tpao07a5nf5y"}
{"level":"info","message":"Fetching analytics data","service":"gemfitness","timestamp":"2025-12-02 03:45:18"}
{"level":"info","limit":null,"message":"Fetching check-ins","service":"gemfitness","timestamp":"2025-12-02 03:45:18","today":"2025-12-02T00:00:00.000Z","tomorrow":"2025-12-03T00:00:00.000Z"}
{"level":"info","message":"Fetching check-in stats","service":"gemfitness","timestamp":"2025-12-02 03:45:18","todayStart":"2025-12-02T00:00:00.000Z"}
{"email":"kaylonprince@gmail.com","level":"info","message":"✅ User logged in successfully","role":"ADMIN","service":"gemfitness","timestamp":"2025-12-02 04:12:15","userId":"cmim96ft90005tpao07a5nf5y"}
{"email":"kaylonprince@gmail.com","level":"info","message":"AUTH: LOGIN","role":"ADMIN","service":"gemfitness","timestamp":"2025-12-02 04:12:15","userId":"cmim96ft90005tpao07a5nf5y"}
{"level":"info","message":"Fetching check-in stats","service":"gemfitness","timestamp":"2025-12-02 04:12:20","todayStart":"2025-12-02T00:00:00.000Z"}
{"level":"info","message":"Fetching analytics data","service":"gemfitness","timestamp":"2025-12-02 04:12:20"}
{"level":"info","limit":null,"message":"Fetching check-ins","service":"gemfitness","timestamp":"2025-12-02 04:12:20","today":"2025-12-02T00:00:00.000Z","tomorrow":"2025-12-03T00:00:00.000Z"}
{"email":"kaylonprince@gmail.com","level":"info","message":"✅ User logged in successfully","role":"ADMIN","service":"gemfitness","timestamp":"2025-12-02 04:16:52","userId":"cmim96ft90005tpao07a5nf5y"}
{"email":"kaylonprince@gmail.com","level":"info","message":"AUTH: LOGIN","role":"ADMIN","service":"gemfitness","timestamp":"2025-12-02 04:16:52","userId":"cmim96ft90005tpao07a5nf5y"}
{"level":"info","message":"Fetching check-in stats","service":"gemfitness","timestamp":"2025-12-02 04:16:55","todayStart":"2025-12-02T00:00:00.000Z"}
{"level":"info","message":"Fetching analytics data","service":"gemfitness","timestamp":"2025-12-02 04:16:55"}
{"level":"info","limit":null,"message":"Fetching check-ins","service":"gemfitness","timestamp":"2025-12-02 04:16:55","today":"2025-12-02T00:00:00.000Z","tomorrow":"2025-12-03T00:00:00.000Z"}
{"level":"info","message":"Fetching analytics data","service":"gemfitness","timestamp":"2025-12-02 04:21:10"}
{"level":"info","limit":null,"message":"Fetching check-ins","service":"gemfitness","timestamp":"2025-12-02 04:21:10","today":"2025-12-02T00:00:00.000Z","tomorrow":"2025-12-03T00:00:00.000Z"}
{"level":"info","message":"Fetching check-in stats","service":"gemfitness","timestamp":"2025-12-02 04:21:10","todayStart":"2025-12-02T00:00:00.000Z"}
{"level":"info","message":"Found 0 check-ins for today","service":"gemfitness","timestamp":"2025-12-02 04:21:10"}
{"email":"kaylonprince@gmail.com","level":"info","message":"✅ User logged in successfully","role":"ADMIN","service":"gemfitness","timestamp":"2025-12-02 04:35:27","userId":"cmim96ft90005tpao07a5nf5y"}
{"email":"kaylonprince@gmail.com","level":"info","message":"AUTH: LOGIN","role":"ADMIN","service":"gemfitness","timestamp":"2025-12-02 04:35:27","userId":"cmim96ft90005tpao07a5nf5y"}
{"level":"info","message":"Fetching check-in stats","service":"gemfitness","timestamp":"2025-12-02 04:35:30","todayStart":"2025-12-02T00:00:00.000Z"}
{"level":"info","message":"Fetching analytics data","service":"gemfitness","timestamp":"2025-12-02 04:35:30"}
{"level":"info","limit":null,"message":"Fetching check-ins","service":"gemfitness","timestamp":"2025-12-02 04:35:30","today":"2025-12-02T00:00:00.000Z","tomorrow":"2025-12-03T00:00:00.000Z"}
{"email":"kaylonprince@gmail.com","level":"info","message":"✅ User logged in successfully","role":"ADMIN","service":"gemfitness","timestamp":"2025-12-02 04:43:41","userId":"cmim96ft90005tpao07a5nf5y"}
{"email":"kaylonprince@gmail.com","level":"info","message":"AUTH: LOGIN","role":"ADMIN","service":"gemfitness","timestamp":"2025-12-02 04:43:41","userId":"cmim96ft90005tpao07a5nf5y"}
{"level":"info","message":"Fetching analytics data","service":"gemfitness","timestamp":"2025-12-02 04:43:44"}
{"level":"info","message":"Fetching check-in stats","service":"gemfitness","timestamp":"2025-12-02 04:43:44","todayStart":"2025-12-02T00:00:00.000Z"}
{"level":"info","limit":null,"message":"Fetching check-ins","service":"gemfitness","timestamp":"2025-12-02 04:43:44","today":"2025-12-02T00:00:00.000Z","tomorrow":"2025-12-03T00:00:00.000Z"}
{"email":"kaylonprince@gmail.com","level":"info","message":"✅ User logged in successfully","role":"ADMIN","service":"gemfitness","timestamp":"2025-12-02 04:50:22","userId":"cmim96ft90005tpao07a5nf5y"}
{"email":"kaylonprince@gmail.com","level":"info","message":"AUTH: LOGIN","role":"ADMIN","service":"gemfitness","timestamp":"2025-12-02 04:50:22","userId":"cmim96ft90005tpao07a5nf5y"}
{"level":"info","message":"Fetching check-in stats","service":"gemfitness","timestamp":"2025-12-02 04:50:26","todayStart":"2025-12-02T00:00:00.000Z"}
{"level":"info","limit":null,"message":"Fetching check-ins","service":"gemfitness","timestamp":"2025-12-02 04:50:26","today":"2025-12-02T00:00:00.000Z","tomorrow":"2025-12-03T00:00:00.000Z"}
{"level":"info","message":"Fetching analytics data","service":"gemfitness","timestamp":"2025-12-02 04:50:26"}
{"email":"kaylonprince@gmail.com","level":"info","message":"✅ User logged in successfully","role":"ADMIN","service":"gemfitness","timestamp":"2025-12-02 05:11:21","userId":"cmim96ft90005tpao07a5nf5y"}
{"email":"kaylonprince@gmail.com","level":"info","message":"AUTH: LOGIN","role":"ADMIN","service":"gemfitness","timestamp":"2025-12-02 05:11:21","userId":"cmim96ft90005tpao07a5nf5y"}
{"level":"info","message":"Fetching analytics data","service":"gemfitness","timestamp":"2025-12-02 05:11:25"}
{"level":"info","limit":null,"message":"Fetching check-ins","service":"gemfitness","timestamp":"2025-12-02 05:11:25","today":"2025-12-02T00:00:00.000Z","tomorrow":"2025-12-03T00:00:00.000Z"}
{"level":"info","message":"Fetching check-in stats","service":"gemfitness","timestamp":"2025-12-02 05:11:25","todayStart":"2025-12-02T00:00:00.000Z"}
{"email":"kaylonprince@gmail.com","level":"info","message":"✅ User logged in successfully","role":"ADMIN","service":"gemfitness","timestamp":"2025-12-02 05:13:21","userId":"cmim96ft90005tpao07a5nf5y"}
{"email":"kaylonprince@gmail.com","level":"info","message":"AUTH: LOGIN","role":"ADMIN","service":"gemfitness","timestamp":"2025-12-02 05:13:21","userId":"cmim96ft90005tpao07a5nf5y"}
{"level":"info","message":"Fetching check-in stats","service":"gemfitness","timestamp":"2025-12-02 05:13:25","todayStart":"2025-12-02T00:00:00.000Z"}
{"level":"info","message":"Fetching analytics data","service":"gemfitness","timestamp":"2025-12-02 05:13:26"}
{"level":"info","limit":null,"message":"Fetching check-ins","service":"gemfitness","timestamp":"2025-12-02 05:13:26","today":"2025-12-02T00:00:00.000Z","tomorrow":"2025-12-03T00:00:00.000Z"}
{"email":"kaylonprince@gmail.com","level":"info","message":"✅ User logged in successfully","role":"ADMIN","service":"gemfitness","timestamp":"2025-12-02 05:45:18","userId":"cmim96ft90005tpao07a5nf5y"}
{"email":"kaylonprince@gmail.com","level":"info","message":"AUTH: LOGIN","role":"ADMIN","service":"gemfitness","timestamp":"2025-12-02 05:45:18","userId":"cmim96ft90005tpao07a5nf5y"}
{"level":"info","message":"Fetching check-in stats","service":"gemfitness","timestamp":"2025-12-02 05:45:21","todayStart":"2025-12-02T00:00:00.000Z"}
{"level":"info","limit":null,"message":"Fetching check-ins","service":"gemfitness","timestamp":"2025-12-02 05:45:21","today":"2025-12-02T00:00:00.000Z","tomorrow":"2025-12-03T00:00:00.000Z"}
{"level":"info","message":"Fetching analytics data","service":"gemfitness","timestamp":"2025-12-02 05:45:21"}
{"email":"kaylonprince@gmail.com","level":"info","message":"✅ User logged in successfully","role":"ADMIN","service":"gemfitness","timestamp":"2025-12-02 08:05:05","userId":"cmim96ft90005tpao07a5nf5y"}
{"email":"kaylonprince@gmail.com","level":"info","message":"AUTH: LOGIN","role":"ADMIN","service":"gemfitness","timestamp":"2025-12-02 08:05:05","userId":"cmim96ft90005tpao07a5nf5y"}
{"level":"info","message":"Fetching check-in stats","service":"gemfitness","timestamp":"2025-12-02 08:05:09","todayStart":"2025-12-02T00:00:00.000Z"}
{"level":"info","limit":null,"message":"Fetching check-ins","service":"gemfitness","timestamp":"2025-12-02 08:05:09","today":"2025-12-02T00:00:00.000Z","tomorrow":"2025-12-03T00:00:00.000Z"}
{"level":"info","message":"Fetching analytics data","service":"gemfitness","timestamp":"2025-12-02 08:05:09"}
{"level":"info","message":"Found 0 check-ins for today","service":"gemfitness","timestamp":"2025-12-02 08:05:09"}
{"email":"kaylonprince@gmail.com","level":"info","message":"✅ User logged in successfully","role":"ADMIN","service":"gemfitness","timestamp":"2025-12-02 08:16:04","userId":"cmim96ft90005tpao07a5nf5y"}
{"email":"kaylonprince@gmail.com","level":"info","message":"AUTH: LOGIN","role":"ADMIN","service":"gemfitness","timestamp":"2025-12-02 08:16:04","userId":"cmim96ft90005tpao07a5nf5y"}
{"level":"info","message":"Fetching check-in stats","service":"gemfitness","timestamp":"2025-12-02 08:16:09","todayStart":"2025-12-02T00:00:00.000Z"}
{"level":"info","limit":null,"message":"Fetching check-ins","service":"gemfitness","timestamp":"2025-12-02 08:16:09","today":"2025-12-02T00:00:00.000Z","tomorrow":"2025-12-03T00:00:00.000Z"}
{"level":"info","message":"Fetching analytics data","service":"gemfitness","timestamp":"2025-12-02 08:16:09"}
{"level":"info","message":"Found 0 check-ins for today","service":"gemfitness","timestamp":"2025-12-02 08:16:10"}
{"email":"kaylonprince@gmail.com","level":"info","message":"✅ User logged in successfully","role":"ADMIN","service":"gemfitness","timestamp":"2025-12-02 08:59:59","userId":"cmim96ft90005tpao07a5nf5y"}
{"email":"kaylonprince@gmail.com","level":"info","message":"AUTH: LOGIN","role":"ADMIN","service":"gemfitness","timestamp":"2025-12-02 08:59:59","userId":"cmim96ft90005tpao07a5nf5y"}
{"level":"info","message":"Fetching analytics data","service":"gemfitness","timestamp":"2025-12-02 09:00:02"}
{"level":"info","message":"Fetching check-in stats","service":"gemfitness","timestamp":"2025-12-02 09:00:02","todayStart":"2025-12-02T00:00:00.000Z"}
{"level":"info","limit":null,"message":"Fetching check-ins","service":"gemfitness","timestamp":"2025-12-02 09:00:02","today":"2025-12-02T00:00:00.000Z","tomorrow":"2025-12-03T00:00:00.000Z"}
{"email":"kaylonprince@gmail.com","level":"warn","message":"Login attempt with incorrect password","service":"gemfitness","timestamp":"2025-12-03 01:01:03","userId":"cmim96ft90005tpao07a5nf5y"}
{"email":"kaylonprince@gmail.com","level":"info","message":"✅ User logged in successfully","role":"ADMIN","service":"gemfitness","timestamp":"2025-12-03 01:01:18","userId":"cmim96ft90005tpao07a5nf5y"}
{"email":"kaylonprince@gmail.com","level":"info","message":"AUTH: LOGIN","role":"ADMIN","service":"gemfitness","timestamp":"2025-12-03 01:01:18","userId":"cmim96ft90005tpao07a5nf5y"}
{"level":"info","message":"Fetching analytics data","service":"gemfitness","timestamp":"2025-12-03 01:01:22"}
{"level":"info","limit":null,"message":"Fetching check-ins","service":"gemfitness","timestamp":"2025-12-03 01:01:22","today":"2025-12-03T00:00:00.000Z","tomorrow":"2025-12-04T00:00:00.000Z"}
{"level":"info","message":"Fetching check-in stats","service":"gemfitness","timestamp":"2025-12-03 01:01:22","todayStart":"2025-12-03T00:00:00.000Z"}
{"email":"kaylonprince@gmail.com","level":"info","message":"✅ User logged in successfully","role":"ADMIN","service":"gemfitness","timestamp":"2025-12-03 01:20:11","userId":"cmim96ft90005tpao07a5nf5y"}
{"email":"kaylonprince@gmail.com","level":"info","message":"AUTH: LOGIN","role":"ADMIN","service":"gemfitness","timestamp":"2025-12-03 01:20:11","userId":"cmim96ft90005tpao07a5nf5y"}
{"level":"info","message":"Fetching check-in stats","service":"gemfitness","timestamp":"2025-12-03 01:20:17","todayStart":"2025-12-03T00:00:00.000Z"}
{"level":"info","message":"Fetching analytics data","service":"gemfitness","timestamp":"2025-12-03 01:20:17"}
{"level":"info","limit":null,"message":"Fetching check-ins","service":"gemfitness","timestamp":"2025-12-03 01:20:17","today":"2025-12-03T00:00:00.000Z","tomorrow":"2025-12-04T00:00:00.000Z"}
{"email":"kaylonprince@gmail.com","level":"info","message":"✅ User logged in successfully","role":"ADMIN","service":"gemfitness","timestamp":"2025-12-03 01:27:44","userId":"cmim96ft90005tpao07a5nf5y"}
{"email":"kaylonprince@gmail.com","level":"info","message":"AUTH: LOGIN","role":"ADMIN","service":"gemfitness","timestamp":"2025-12-03 01:27:44","userId":"cmim96ft90005tpao07a5nf5y"}
{"level":"info","limit":null,"message":"Fetching check-ins","service":"gemfitness","timestamp":"2025-12-03 01:27:47","today":"2025-12-03T00:00:00.000Z","tomorrow":"2025-12-04T00:00:00.000Z"}
{"level":"info","message":"Fetching check-in stats","service":"gemfitness","timestamp":"2025-12-03 01:27:47","todayStart":"2025-12-03T00:00:00.000Z"}
{"level":"info","message":"Fetching analytics data","service":"gemfitness","timestamp":"2025-12-03 01:27:47"}
{"email":"kaylonprince@gmail.com","level":"info","message":"✅ User logged in successfully","role":"ADMIN","service":"gemfitness","timestamp":"2025-12-03 01:48:07","userId":"cmim96ft90005tpao07a5nf5y"}
{"email":"kaylonprince@gmail.com","level":"info","message":"AUTH: LOGIN","role":"ADMIN","service":"gemfitness","timestamp":"2025-12-03 01:48:07","userId":"cmim96ft90005tpao07a5nf5y"}
{"level":"info","limit":null,"message":"Fetching check-ins","service":"gemfitness","timestamp":"2025-12-03 01:48:10","today":"2025-12-03T00:00:00.000Z","tomorrow":"2025-12-04T00:00:00.000Z"}
{"level":"info","message":"Fetching analytics data","service":"gemfitness","timestamp":"2025-12-03 01:48:11"}
{"level":"info","message":"Fetching check-in stats","service":"gemfitness","timestamp":"2025-12-03 01:48:11","todayStart":"2025-12-03T00:00:00.000Z"}
{"email":"kaylonprince@gmail.com","level":"warn","message":"Login attempt with incorrect password","service":"gemfitness","timestamp":"2025-12-03 02:19:07","userId":"cmim96ft90005tpao07a5nf5y"}
{"email":"kaylonprince@gmail.com","level":"info","message":"✅ User logged in successfully","role":"ADMIN","service":"gemfitness","timestamp":"2025-12-03 02:19:17","userId":"cmim96ft90005tpao07a5nf5y"}
{"email":"kaylonprince@gmail.com","level":"info","message":"AUTH: LOGIN","role":"ADMIN","service":"gemfitness","timestamp":"2025-12-03 02:19:17","userId":"cmim96ft90005tpao07a5nf5y"}
{"level":"info","message":"Fetching check-in stats","service":"gemfitness","timestamp":"2025-12-03 02:19:21","todayStart":"2025-12-03T00:00:00.000Z"}
{"level":"info","message":"Fetching analytics data","service":"gemfitness","timestamp":"2025-12-03 02:19:21"}
{"level":"info","limit":null,"message":"Fetching check-ins","service":"gemfitness","timestamp":"2025-12-03 02:19:21","today":"2025-12-03T00:00:00.000Z","tomorrow":"2025-12-04T00:00:00.000Z"}
{"email":"kaylonprince@gmail.com","level":"info","message":"✅ User logged in successfully","role":"ADMIN","service":"gemfitness","timestamp":"2025-12-03 02:29:14","userId":"cmim96ft90005tpao07a5nf5y"}
{"email":"kaylonprince@gmail.com","level":"info","message":"AUTH: LOGIN","role":"ADMIN","service":"gemfitness","timestamp":"2025-12-03 02:29:14","userId":"cmim96ft90005tpao07a5nf5y"}
{"level":"info","limit":null,"message":"Fetching check-ins","service":"gemfitness","timestamp":"2025-12-03 02:29:18","today":"2025-12-03T00:00:00.000Z","tomorrow":"2025-12-04T00:00:00.000Z"}
{"level":"info","message":"Fetching analytics data","service":"gemfitness","timestamp":"2025-12-03 02:29:18"}
{"level":"info","message":"Fetching check-in stats","service":"gemfitness","timestamp":"2025-12-03 02:29:19","todayStart":"2025-12-03T00:00:00.000Z"}
{"level":"info","message":"Found 0 check-ins for today","service":"gemfitness","timestamp":"2025-12-03 02:29:19"}
{"activeNow":0,"level":"info","message":"Check-in stats calculated","service":"gemfitness","thisWeek":0,"timestamp":"2025-12-03 02:31:41","today":0}
{"level":"info","message":"Fetching check-in stats","service":"gemfitness","timestamp":"2025-12-03 02:31:41","todayStart":"2025-12-03T00:00:00.000Z"}
{"activeMembers":2,"attendanceRate":"0%","avgDailyCheckIns":0,"expiringSoon":0,"level":"info","message":"Analytics data fetched successfully","monthlyRevenue":750,"recentPayments":[{"amount":750,"date":"2025-12-01","id":"cmin5ks5a0004tpekfkd6ug7v","member":"Junior Kpankpa","plan":"THREE MONTHS","reference":"REF_1764593781255_6os0rolzo"},{"amount":750,"date":"2025-11-30","id":"cmim96fup0009tpaocax0j0im","member":"Prince Kpankpa","plan":"THREE MONTHS","reference":"REF_1764539364459_rp7snz17m"}],"service":"gemfitness","timestamp":"2025-12-03 02:31:41","todayCheckIns":0,"totalMembers":1,"weeklyCheckIns":0}
{"activeNow":0,"level":"info","message":"Check-in stats calculated","service":"gemfitness","thisWeek":0,"timestamp":"2025-12-03 02:31:41","today":0}
{"email":"kaylonprince@gmail.com","level":"info","message":"✅ User logged in successfully","role":"ADMIN","service":"gemfitness","timestamp":"2025-12-03 12:13:49","userId":"cmim96ft90005tpao07a5nf5y"}
{"email":"kaylonprince@gmail.com","level":"info","message":"AUTH: LOGIN","role":"ADMIN","service":"gemfitness","timestamp":"2025-12-03 12:13:49","userId":"cmim96ft90005tpao07a5nf5y"}
{"level":"info","message":"Fetching check-in stats","service":"gemfitness","timestamp":"2025-12-03 12:13:54","todayStart":"2025-12-04T00:00:00.000Z"}
{"level":"info","limit":null,"message":"Fetching check-ins","service":"gemfitness","timestamp":"2025-12-03 12:13:54","today":"2025-12-04T00:00:00.000Z","tomorrow":"2025-12-05T00:00:00.000Z"}
{"level":"info","message":"Fetching analytics data","service":"gemfitness","timestamp":"2025-12-03 12:13:54"}
{"email":"kaylonprince@gmail.com","level":"info","message":"✅ User logged in successfully","role":"ADMIN","service":"gemfitness","timestamp":"2025-12-03 12:42:25","userId":"cmim96ft90005tpao07a5nf5y"}
{"email":"kaylonprince@gmail.com","level":"info","message":"AUTH: LOGIN","role":"ADMIN","service":"gemfitness","timestamp":"2025-12-03 12:42:25","userId":"cmim96ft90005tpao07a5nf5y"}
{"level":"info","limit":null,"message":"Fetching check-ins","service":"gemfitness","timestamp":"2025-12-03 12:42:30","today":"2025-12-04T00:00:00.000Z","tomorrow":"2025-12-05T00:00:00.000Z"}
{"level":"info","message":"Found 0 check-ins for today","service":"gemfitness","timestamp":"2025-12-03 12:42:31"}
{"email":"kaylonprince@gmail.com","level":"info","message":"✅ User logged in successfully","role":"ADMIN","service":"gemfitness","timestamp":"2025-12-03 12:47:56","userId":"cmim96ft90005tpao07a5nf5y"}
{"email":"kaylonprince@gmail.com","level":"info","message":"AUTH: LOGIN","role":"ADMIN","service":"gemfitness","timestamp":"2025-12-03 12:47:56","userId":"cmim96ft90005tpao07a5nf5y"}
{"email":"kaylonprince@gmail.com","level":"info","message":"✅ User logged in successfully","role":"ADMIN","service":"gemfitness","timestamp":"2025-12-03 12:58:41","userId":"cmim96ft90005tpao07a5nf5y"}
{"email":"kaylonprince@gmail.com","level":"info","message":"AUTH: LOGIN","role":"ADMIN","service":"gemfitness","timestamp":"2025-12-03 12:58:41","userId":"cmim96ft90005tpao07a5nf5y"}
{"level":"info","limit":null,"message":"Fetching check-ins","service":"gemfitness","timestamp":"2025-12-03 12:58:48","today":"2025-12-04T00:00:00.000Z","tomorrow":"2025-12-05T00:00:00.000Z"}
{"level":"info","message":"Found 0 check-ins for today","service":"gemfitness","timestamp":"2025-12-03 12:58:49"}
{"level":"info","limit":null,"message":"Fetching check-ins","service":"gemfitness","timestamp":"2025-12-03 13:12:03","today":"2025-12-04T00:00:00.000Z","tomorrow":"2025-12-05T00:00:00.000Z"}
{"level":"info","message":"Found 0 check-ins for today","service":"gemfitness","timestamp":"2025-12-03 13:12:03"}
{"level":"info","limit":null,"message":"Fetching check-ins","service":"gemfitness","timestamp":"2025-12-03 13:14:47","today":"2025-12-04T00:00:00.000Z","tomorrow":"2025-12-05T00:00:00.000Z"}
{"level":"info","message":"Found 1 check-ins for today","service":"gemfitness","timestamp":"2025-12-03 13:14:47"}
{"level":"info","limit":null,"message":"Fetching check-ins","service":"gemfitness","timestamp":"2025-12-03 13:27:44","today":"2025-12-04T00:00:00.000Z","tomorrow":"2025-12-05T00:00:00.000Z"}
{"level":"info","message":"Found 1 check-ins for today","service":"gemfitness","timestamp":"2025-12-03 13:27:44"}
{"email":"kaylonprince@gmail.com","level":"info","message":"✅ User logged in successfully","role":"ADMIN","service":"gemfitness","timestamp":"2025-12-03 15:32:31","userId":"cmim96ft90005tpao07a5nf5y"}
{"email":"kaylonprince@gmail.com","level":"info","message":"AUTH: LOGIN","role":"ADMIN","service":"gemfitness","timestamp":"2025-12-03 15:32:31","userId":"cmim96ft90005tpao07a5nf5y"}
{"level":"info","limit":null,"message":"Fetching check-ins","service":"gemfitness","timestamp":"2025-12-03 15:32:37","today":"2025-12-04T00:00:00.000Z","tomorrow":"2025-12-05T00:00:00.000Z"}
{"level":"info","message":"Found 1 check-ins for today","service":"gemfitness","timestamp":"2025-12-03 15:32:37"}
{"email":"kaylonprince@gmail.com","level":"warn","message":"Login attempt with incorrect password","service":"gemfitness","timestamp":"2025-12-09 02:07:30","userId":"cmim96ft90005tpao07a5nf5y"}
{"email":"kaylonprince@gmail.com","level":"info","message":"✅ User logged in successfully","role":"ADMIN","service":"gemfitness","timestamp":"2025-12-09 02:07:40","userId":"cmim96ft90005tpao07a5nf5y"}
{"email":"kaylonprince@gmail.com","level":"info","message":"AUTH: LOGIN","role":"ADMIN","service":"gemfitness","timestamp":"2025-12-09 02:07:40","userId":"cmim96ft90005tpao07a5nf5y"}
{"level":"info","limit":null,"message":"Fetching check-ins","service":"gemfitness","timestamp":"2025-12-09 02:09:07","today":"2025-12-09T00:00:00.000Z","tomorrow":"2025-12-10T00:00:00.000Z"}
{"level":"info","message":"Found 0 check-ins for today","service":"gemfitness","timestamp":"2025-12-09 02:09:08"}
{"level":"info","limit":null,"message":"Fetching check-ins","service":"gemfitness","timestamp":"2025-12-09 02:13:40","today":"2025-12-09T00:00:00.000Z","tomorrow":"2025-12-10T00:00:00.000Z"}
{"level":"info","message":"Found 0 check-ins for today","service":"gemfitness","timestamp":"2025-12-09 02:13:41"}
{"email":"kaylonprince@gmail.com","level":"info","message":"✅ User logged in successfully","role":"ADMIN","service":"gemfitness","timestamp":"2025-12-09 02:18:40","userId":"cmim96ft90005tpao07a5nf5y"}
{"email":"kaylonprince@gmail.com","level":"info","message":"AUTH: LOGIN","role":"ADMIN","service":"gemfitness","timestamp":"2025-12-09 02:18:40","userId":"cmim96ft90005tpao07a5nf5y"}
{"level":"info","limit":null,"message":"Fetching check-ins","service":"gemfitness","timestamp":"2025-12-09 02:18:44","today":"2025-12-09T00:00:00.000Z","tomorrow":"2025-12-10T00:00:00.000Z"}
{"level":"info","message":"Found 0 check-ins for today","service":"gemfitness","timestamp":"2025-12-09 02:18:44"}
{"level":"info","limit":null,"message":"Fetching check-ins","service":"gemfitness","timestamp":"2025-12-09 02:21:11","today":"2025-12-09T00:00:00.000Z","tomorrow":"2025-12-10T00:00:00.000Z"}
{"level":"info","message":"Found 1 check-ins for today","service":"gemfitness","timestamp":"2025-12-09 02:21:11"}
{"level":"info","limit":null,"message":"Fetching check-ins","service":"gemfitness","timestamp":"2025-12-09 02:21:19","today":"2025-12-09T00:00:00.000Z","tomorrow":"2025-12-10T00:00:00.000Z"}
{"level":"info","message":"Found 2 check-ins for today","service":"gemfitness","timestamp":"2025-12-09 02:21:19"}
{"level":"info","limit":null,"message":"Fetching check-ins","service":"gemfitness","timestamp":"2025-12-09 02:21:34","today":"2025-12-09T00:00:00.000Z","tomorrow":"2025-12-10T00:00:00.000Z"}
{"level":"info","message":"Found 2 check-ins for today","service":"gemfitness","timestamp":"2025-12-09 02:21:34"}
{"level":"info","limit":null,"message":"Fetching check-ins","service":"gemfitness","timestamp":"2025-12-09 02:22:10","today":"2025-12-09T00:00:00.000Z","tomorrow":"2025-12-10T00:00:00.000Z"}
{"level":"info","message":"Found 2 check-ins for today","service":"gemfitness","timestamp":"2025-12-09 02:22:10"}
{"level":"info","limit":null,"message":"Fetching check-ins","service":"gemfitness","timestamp":"2025-12-09 02:24:31","today":"2025-12-09T00:00:00.000Z","tomorrow":"2025-12-10T00:00:00.000Z"}
{"level":"info","message":"Found 2 check-ins for today","service":"gemfitness","timestamp":"2025-12-09 02:24:31"}
{"level":"info","limit":null,"message":"Fetching check-ins","service":"gemfitness","timestamp":"2025-12-09 02:25:53","today":"2025-12-09T00:00:00.000Z","tomorrow":"2025-12-10T00:00:00.000Z"}
{"level":"info","message":"Found 2 check-ins for today","service":"gemfitness","timestamp":"2025-12-09 02:25:54"}
{"level":"info","limit":null,"message":"Fetching check-ins","service":"gemfitness","timestamp":"2025-12-09 02:28:55","today":"2025-12-09T00:00:00.000Z","tomorrow":"2025-12-10T00:00:00.000Z"}
{"level":"info","message":"Found 2 check-ins for today","service":"gemfitness","timestamp":"2025-12-09 02:28:55"}
{"level":"info","limit":null,"message":"Fetching check-ins","service":"gemfitness","timestamp":"2025-12-09 02:29:25","today":"2025-12-09T00:00:00.000Z","tomorrow":"2025-12-10T00:00:00.000Z"}
{"level":"info","message":"Found 2 check-ins for today","service":"gemfitness","timestamp":"2025-12-09 02:29:25"}
{"level":"info","limit":null,"message":"Fetching check-ins","service":"gemfitness","timestamp":"2025-12-09 02:29:55","today":"2025-12-09T00:00:00.000Z","tomorrow":"2025-12-10T00:00:00.000Z"}
{"level":"info","message":"Found 2 check-ins for today","service":"gemfitness","timestamp":"2025-12-09 02:29:55"}
{"level":"info","limit":null,"message":"Fetching check-ins","service":"gemfitness","timestamp":"2025-12-09 02:30:25","today":"2025-12-09T00:00:00.000Z","tomorrow":"2025-12-10T00:00:00.000Z"}
{"level":"info","message":"Found 2 check-ins for today","service":"gemfitness","timestamp":"2025-12-09 02:30:25"}
{"level":"info","limit":null,"message":"Fetching check-ins","service":"gemfitness","timestamp":"2025-12-09 02:30:55","today":"2025-12-09T00:00:00.000Z","tomorrow":"2025-12-10T00:00:00.000Z"}
{"level":"info","message":"Found 2 check-ins for today","service":"gemfitness","timestamp":"2025-12-09 02:30:55"}
{"level":"info","limit":null,"message":"Fetching check-ins","service":"gemfitness","timestamp":"2025-12-09 02:31:25","today":"2025-12-09T00:00:00.000Z","tomorrow":"2025-12-10T00:00:00.000Z"}
{"level":"info","message":"Found 2 check-ins for today","service":"gemfitness","timestamp":"2025-12-09 02:31:25"}
{"level":"info","limit":null,"message":"Fetching check-ins","service":"gemfitness","timestamp":"2025-12-09 02:31:55","today":"2025-12-09T00:00:00.000Z","tomorrow":"2025-12-10T00:00:00.000Z"}
{"level":"info","message":"Found 2 check-ins for today","service":"gemfitness","timestamp":"2025-12-09 02:31:55"}
{"level":"info","limit":null,"message":"Fetching check-ins","service":"gemfitness","timestamp":"2025-12-09 02:32:25","today":"2025-12-09T00:00:00.000Z","tomorrow":"2025-12-10T00:00:00.000Z"}
{"level":"info","message":"Found 2 check-ins for today","service":"gemfitness","timestamp":"2025-12-09 02:32:25"}
{"level":"info","limit":null,"message":"Fetching check-ins","service":"gemfitness","timestamp":"2025-12-09 02:33:18","today":"2025-12-09T00:00:00.000Z","tomorrow":"2025-12-10T00:00:00.000Z"}
{"level":"info","message":"Found 2 check-ins for today","service":"gemfitness","timestamp":"2025-12-09 02:33:18"}
{"level":"info","limit":null,"message":"Fetching check-ins","service":"gemfitness","timestamp":"2025-12-09 02:34:10","today":"2025-12-09T00:00:00.000Z","tomorrow":"2025-12-10T00:00:00.000Z"}
{"level":"info","message":"Found 2 check-ins for today","service":"gemfitness","timestamp":"2025-12-09 02:34:11"}
{"level":"info","limit":null,"message":"Fetching check-ins","service":"gemfitness","timestamp":"2025-12-09 02:34:24","today":"2025-12-09T00:00:00.000Z","tomorrow":"2025-12-10T00:00:00.000Z"}
{"level":"info","message":"Found 2 check-ins for today","service":"gemfitness","timestamp":"2025-12-09 02:34:24"}
{"level":"info","limit":null,"message":"Fetching check-ins","service":"gemfitness","timestamp":"2025-12-09 02:34:54","today":"2025-12-09T00:00:00.000Z","tomorrow":"2025-12-10T00:00:00.000Z"}
{"level":"info","message":"Found 2 check-ins for today","service":"gemfitness","timestamp":"2025-12-09 02:34:54"}
{"level":"info","limit":null,"message":"Fetching check-ins","service":"gemfitness","timestamp":"2025-12-09 02:35:24","today":"2025-12-09T00:00:00.000Z","tomorrow":"2025-12-10T00:00:00.000Z"}
{"level":"info","message":"Found 2 check-ins for today","service":"gemfitness","timestamp":"2025-12-09 02:35:24"}
{"level":"info","limit":null,"message":"Fetching check-ins","service":"gemfitness","timestamp":"2025-12-09 02:35:54","today":"2025-12-09T00:00:00.000Z","tomorrow":"2025-12-10T00:00:00.000Z"}
{"level":"info","message":"Found 2 check-ins for today","service":"gemfitness","timestamp":"2025-12-09 02:35:54"}
{"level":"info","limit":null,"message":"Fetching check-ins","service":"gemfitness","timestamp":"2025-12-09 02:36:24","today":"2025-12-09T00:00:00.000Z","tomorrow":"2025-12-10T00:00:00.000Z"}
{"level":"info","message":"Found 2 check-ins for today","service":"gemfitness","timestamp":"2025-12-09 02:36:24"}
{"level":"info","limit":null,"message":"Fetching check-ins","service":"gemfitness","timestamp":"2025-12-09 02:36:54","today":"2025-12-09T00:00:00.000Z","tomorrow":"2025-12-10T00:00:00.000Z"}
{"level":"info","message":"Found 2 check-ins for today","service":"gemfitness","timestamp":"2025-12-09 02:36:54"}
{"level":"info","limit":null,"message":"Fetching check-ins","service":"gemfitness","timestamp":"2025-12-09 02:37:24","today":"2025-12-09T00:00:00.000Z","tomorrow":"2025-12-10T00:00:00.000Z"}
{"level":"info","message":"Found 2 check-ins for today","service":"gemfitness","timestamp":"2025-12-09 02:37:24"}
{"level":"info","limit":null,"message":"Fetching check-ins","service":"gemfitness","timestamp":"2025-12-09 02:37:54","today":"2025-12-09T00:00:00.000Z","tomorrow":"2025-12-10T00:00:00.000Z"}
{"level":"info","message":"Found 2 check-ins for today","service":"gemfitness","timestamp":"2025-12-09 02:37:54"}
{"level":"info","limit":null,"message":"Fetching check-ins","service":"gemfitness","timestamp":"2025-12-09 02:38:24","today":"2025-12-09T00:00:00.000Z","tomorrow":"2025-12-10T00:00:00.000Z"}
{"level":"info","message":"Found 2 check-ins for today","service":"gemfitness","timestamp":"2025-12-09 02:38:24"}
{"level":"info","limit":null,"message":"Fetching check-ins","service":"gemfitness","timestamp":"2025-12-09 02:38:55","today":"2025-12-09T00:00:00.000Z","tomorrow":"2025-12-10T00:00:00.000Z"}
{"level":"info","message":"Found 2 check-ins for today","service":"gemfitness","timestamp":"2025-12-09 02:38:55"}
{"level":"info","limit":null,"message":"Fetching check-ins","service":"gemfitness","timestamp":"2025-12-09 02:39:25","today":"2025-12-09T00:00:00.000Z","tomorrow":"2025-12-10T00:00:00.000Z"}
{"level":"info","message":"Found 2 check-ins for today","service":"gemfitness","timestamp":"2025-12-09 02:39:25"}
{"level":"info","limit":null,"message":"Fetching check-ins","service":"gemfitness","timestamp":"2025-12-09 02:40:04","today":"2025-12-09T00:00:00.000Z","tomorrow":"2025-12-10T00:00:00.000Z"}
{"level":"info","message":"Found 2 check-ins for today","service":"gemfitness","timestamp":"2025-12-09 02:40:05"}
{"level":"info","limit":null,"message":"Fetching check-ins","service":"gemfitness","timestamp":"2025-12-09 02:40:24","today":"2025-12-09T00:00:00.000Z","tomorrow":"2025-12-10T00:00:00.000Z"}
{"level":"info","message":"Found 2 check-ins for today","service":"gemfitness","timestamp":"2025-12-09 02:40:24"}
{"level":"info","limit":null,"message":"Fetching check-ins","service":"gemfitness","timestamp":"2025-12-09 02:40:55","today":"2025-12-09T00:00:00.000Z","tomorrow":"2025-12-10T00:00:00.000Z"}
{"level":"info","message":"Found 2 check-ins for today","service":"gemfitness","timestamp":"2025-12-09 02:40:55"}
{"level":"info","limit":null,"message":"Fetching check-ins","service":"gemfitness","timestamp":"2025-12-09 02:41:25","today":"2025-12-09T00:00:00.000Z","tomorrow":"2025-12-10T00:00:00.000Z"}
{"level":"info","message":"Found 2 check-ins for today","service":"gemfitness","timestamp":"2025-12-09 02:41:25"}
{"level":"info","limit":null,"message":"Fetching check-ins","service":"gemfitness","timestamp":"2025-12-09 02:42:18","today":"2025-12-09T00:00:00.000Z","tomorrow":"2025-12-10T00:00:00.000Z"}
{"level":"info","message":"Found 2 check-ins for today","service":"gemfitness","timestamp":"2025-12-09 02:42:18"}
{"level":"info","limit":null,"message":"Fetching check-ins","service":"gemfitness","timestamp":"2025-12-09 02:42:58","today":"2025-12-09T00:00:00.000Z","tomorrow":"2025-12-10T00:00:00.000Z"}
{"level":"info","message":"Found 2 check-ins for today","service":"gemfitness","timestamp":"2025-12-09 02:42:59"}
{"level":"info","limit":null,"message":"Fetching check-ins","service":"gemfitness","timestamp":"2025-12-09 02:43:24","today":"2025-12-09T00:00:00.000Z","tomorrow":"2025-12-10T00:00:00.000Z"}
{"level":"info","message":"Found 2 check-ins for today","service":"gemfitness","timestamp":"2025-12-09 02:43:25"}
{"level":"info","limit":null,"message":"Fetching check-ins","service":"gemfitness","timestamp":"2025-12-09 02:58:36","today":"2025-12-09T00:00:00.000Z","tomorrow":"2025-12-10T00:00:00.000Z"}
{"level":"info","message":"Found 2 check-ins for today","service":"gemfitness","timestamp":"2025-12-09 02:58:36"}
{"level":"info","limit":null,"message":"Fetching check-ins","service":"gemfitness","timestamp":"2025-12-09 02:59:06","today":"2025-12-09T00:00:00.000Z","tomorrow":"2025-12-10T00:00:00.000Z"}
{"level":"info","message":"Found 2 check-ins for today","service":"gemfitness","timestamp":"2025-12-09 02:59:06"}
{"level":"info","limit":null,"message":"Fetching check-ins","service":"gemfitness","timestamp":"2025-12-09 03:00:58","today":"2025-12-09T00:00:00.000Z","tomorrow":"2025-12-10T00:00:00.000Z"}
{"level":"info","message":"Found 2 check-ins for today","service":"gemfitness","timestamp":"2025-12-09 03:00:59"}
{"email":"kaylonprince@gmail.com","level":"info","message":"✅ User logged in successfully","role":"ADMIN","service":"gemfitness","timestamp":"2025-12-13 07:52:54","userId":"cmim96ft90005tpao07a5nf5y"}
{"email":"kaylonprince@gmail.com","level":"info","message":"AUTH: LOGIN","role":"ADMIN","service":"gemfitness","timestamp":"2025-12-13 07:52:54","userId":"cmim96ft90005tpao07a5nf5y"}
{"level":"info","limit":null,"message":"Fetching check-ins","service":"gemfitness","timestamp":"2025-12-13 07:52:59","today":"2025-12-13T00:00:00.000Z","tomorrow":"2025-12-14T00:00:00.000Z"}
{"level":"info","message":"Found 0 check-ins for today","service":"gemfitness","timestamp":"2025-12-13 07:52:59"}
{"level":"info","limit":null,"message":"Fetching check-ins","service":"gemfitness","timestamp":"2025-12-13 08:03:49","today":"2025-12-13T00:00:00.000Z","tomorrow":"2025-12-14T00:00:00.000Z"}
{"level":"info","message":"Found 0 check-ins for today","service":"gemfitness","timestamp":"2025-12-13 08:03:49"}
{"level":"info","limit":null,"message":"Fetching check-ins","service":"gemfitness","timestamp":"2025-12-13 08:23:22","today":"2025-12-13T00:00:00.000Z","tomorrow":"2025-12-14T00:00:00.000Z"}
{"level":"info","message":"Found 0 check-ins for today","service":"gemfitness","timestamp":"2025-12-13 08:23:23"}
{"level":"info","limit":null,"message":"Fetching check-ins","service":"gemfitness","timestamp":"2025-12-13 08:25:17","today":"2025-12-13T00:00:00.000Z","tomorrow":"2025-12-14T00:00:00.000Z"}
{"level":"info","message":"Found 0 check-ins for today","service":"gemfitness","timestamp":"2025-12-13 08:25:17"}
{"level":"info","limit":null,"message":"Fetching check-ins","service":"gemfitness","timestamp":"2025-12-15 13:54:29","today":"2025-12-16T00:00:00.000Z","tomorrow":"2025-12-17T00:00:00.000Z"}
{"level":"info","message":"Found 0 check-ins for today","service":"gemfitness","timestamp":"2025-12-15 13:54:31"}
{"level":"info","limit":null,"message":"Fetching check-ins","service":"gemfitness","timestamp":"2025-12-15 13:56:44","today":"2025-12-16T00:00:00.000Z","tomorrow":"2025-12-17T00:00:00.000Z"}
{"level":"info","message":"Found 0 check-ins for today","service":"gemfitness","timestamp":"2025-12-15 13:56:44"}
{"level":"info","limit":null,"message":"Fetching check-ins","service":"gemfitness","timestamp":"2025-12-15 13:56:57","today":"2025-12-16T00:00:00.000Z","tomorrow":"2025-12-17T00:00:00.000Z"}
{"level":"info","message":"Found 0 check-ins for today","service":"gemfitness","timestamp":"2025-12-15 13:56:57"}
{"level":"info","limit":null,"message":"Fetching check-ins","service":"gemfitness","timestamp":"2025-12-15 13:57:26","today":"2025-12-16T00:00:00.000Z","tomorrow":"2025-12-17T00:00:00.000Z"}
{"level":"info","message":"Found 0 check-ins for today","service":"gemfitness","timestamp":"2025-12-15 13:57:26"}
{"level":"info","limit":null,"message":"Fetching check-ins","service":"gemfitness","timestamp":"2025-12-15 13:58:06","today":"2025-12-16T00:00:00.000Z","tomorrow":"2025-12-17T00:00:00.000Z"}
{"level":"info","message":"Found 0 check-ins for today","service":"gemfitness","timestamp":"2025-12-15 13:58:06"}
{"dateFilter":{"checkInTime":{"gte":"2025-12-16T00:00:00.000Z","lt":"2025-12-17T00:00:00.000Z"}},"level":"info","limit":null,"message":"Fetching check-ins","service":"gemfitness","timestamp":"2025-12-15 14:15:39"}
{"level":"info","message":"Found 0 check-ins for today","service":"gemfitness","timestamp":"2025-12-15 14:15:39"}
{"dateFilter":{"checkInTime":{"gte":"2025-12-16T00:00:00.000Z","lt":"2025-12-17T00:00:00.000Z"}},"level":"info","limit":null,"message":"Fetching check-ins","service":"gemfitness","timestamp":"2025-12-15 14:16:08"}
{"level":"info","message":"Found 0 check-ins for today","service":"gemfitness","timestamp":"2025-12-15 14:16:08"}
{"dateFilter":{"checkInTime":{"gte":"2025-12-16T00:00:00.000Z","lt":"2025-12-17T00:00:00.000Z"}},"level":"info","limit":null,"message":"Fetching check-ins","service":"gemfitness","timestamp":"2025-12-15 14:16:42"}
{"level":"info","message":"Found 0 check-ins for today","service":"gemfitness","timestamp":"2025-12-15 14:16:42"}
{"dateFilter":{"checkInTime":{"gte":"2025-12-16T00:00:00.000Z","lt":"2025-12-17T00:00:00.000Z"}},"level":"info","limit":null,"message":"Fetching check-ins","service":"gemfitness","timestamp":"2025-12-15 14:17:08"}
{"level":"info","message":"Found 0 check-ins for today","service":"gemfitness","timestamp":"2025-12-15 14:17:08"}
{"dateFilter":{"checkInTime":{"gte":"2025-12-16T00:00:00.000Z","lt":"2025-12-17T00:00:00.000Z"}},"level":"info","limit":null,"message":"Fetching check-ins","service":"gemfitness","timestamp":"2025-12-15 14:17:38"}
{"level":"info","message":"Found 0 check-ins for today","service":"gemfitness","timestamp":"2025-12-15 14:17:38"}
{"dateFilter":{"checkInTime":{"gte":"2025-12-16T00:00:00.000Z","lt":"2025-12-17T00:00:00.000Z"}},"level":"info","limit":null,"message":"Fetching check-ins","service":"gemfitness","timestamp":"2025-12-15 14:18:10"}
{"level":"info","message":"Found 0 check-ins for today","service":"gemfitness","timestamp":"2025-12-15 14:18:11"}
{"dateFilter":{"checkInTime":{"gte":"2025-12-16T00:00:00.000Z","lt":"2025-12-17T00:00:00.000Z"}},"level":"info","limit":null,"message":"Fetching check-ins","service":"gemfitness","timestamp":"2025-12-15 14:19:34"}
{"level":"info","message":"Found 0 check-ins for today","service":"gemfitness","timestamp":"2025-12-15 14:19:34"}
{"dateFilter":{"checkInTime":{"gte":"2025-12-16T00:00:00.000Z","lt":"2025-12-17T00:00:00.000Z"}},"level":"info","limit":null,"message":"Fetching check-ins","service":"gemfitness","timestamp":"2025-12-15 14:19:47"}
{"level":"info","message":"Found 0 check-ins for today","service":"gemfitness","timestamp":"2025-12-15 14:19:47"}
{"dateFilter":{"checkInTime":{"gte":"2025-12-16T00:00:00.000Z","lt":"2025-12-17T00:00:00.000Z"}},"level":"info","limit":null,"message":"Fetching check-ins","service":"gemfitness","timestamp":"2025-12-15 14:20:08"}
{"level":"info","message":"Found 0 check-ins for today","service":"gemfitness","timestamp":"2025-12-15 14:20:08"}
{"dateFilter":{"checkInTime":{"gte":"2025-11-16T02:20:25.626Z","lte":"2025-12-16T02:20:25.631Z"}},"level":"info","limit":null,"message":"Fetching check-ins","service":"gemfitness","timestamp":"2025-12-15 14:20:25"}
{"level":"info","message":"Found 3 check-ins for today","service":"gemfitness","timestamp":"2025-12-15 14:20:25"}
{"dateFilter":{"checkInTime":{"gte":"2025-11-16T02:21:52.025Z","lte":"2025-12-16T02:21:52.025Z"}},"level":"info","limit":null,"message":"Fetching check-ins","service":"gemfitness","timestamp":"2025-12-15 14:21:52"}
{"level":"info","message":"Found 3 check-ins for today","service":"gemfitness","timestamp":"2025-12-15 14:21:52"}
{"dateFilter":{"checkInTime":{"gte":"2025-11-16T02:22:59.835Z","lte":"2025-12-16T02:22:59.835Z"}},"level":"info","limit":null,"message":"Fetching check-ins","service":"gemfitness","timestamp":"2025-12-15 14:22:59"}
{"level":"info","message":"Found 3 check-ins for today","service":"gemfitness","timestamp":"2025-12-15 14:22:59"}
{"dateFilter":{"checkInTime":{"gte":"2025-11-16T02:34:26.389Z","lte":"2025-12-16T02:34:26.389Z"}},"level":"info","limit":null,"message":"Fetching check-ins","service":"gemfitness","timestamp":"2025-12-15 14:34:26"}
{"level":"info","message":"Found 3 check-ins for today","service":"gemfitness","timestamp":"2025-12-15 14:34:26"}
{"dateFilter":{"checkInTime":{"gte":"2025-12-16T00:00:00.000Z","lt":"2025-12-17T00:00:00.000Z"}},"level":"info","limit":null,"message":"Fetching check-ins","service":"gemfitness","timestamp":"2025-12-15 14:46:18"}
{"level":"info","message":"Found 0 check-ins for today","service":"gemfitness","timestamp":"2025-12-15 14:46:20"}
{"email":"kaylonprince@gmail.com","level":"info","message":"✅ User logged in successfully","role":"ADMIN","service":"gemfitness","timestamp":"2025-12-16 06:37:47","userId":"cmim96ft90005tpao07a5nf5y"}
{"email":"kaylonprince@gmail.com","level":"info","message":"AUTH: LOGIN","role":"ADMIN","service":"gemfitness","timestamp":"2025-12-16 06:37:47","userId":"cmim96ft90005tpao07a5nf5y"}
{"dateFilter":{"checkInTime":{"gte":"2025-12-16T00:00:00.000Z","lt":"2025-12-17T00:00:00.000Z"}},"level":"info","limit":null,"message":"Fetching check-ins","service":"gemfitness","timestamp":"2025-12-16 06:37:50"}
{"level":"info","message":"Found 0 check-ins for today","service":"gemfitness","timestamp":"2025-12-16 06:37:50"}
{"amount":750,"email":"awumeyfiona@gmail.com","level":"info","message":"🔶 MOCK PAYMENT: Initializing payment","plan":"quarterly","reference":"REF_1765910589637_etdj4vd8g","service":"gemfitness","timestamp":"2025-12-16 06:43:10"}
{"amount":750,"level":"info","message":"PAYMENT: INITIALIZE","plan":"quarterly","reference":"REF_1765910589637_etdj4vd8g","service":"gemfitness","timestamp":"2025-12-16 06:43:10","userId":"pending"}
{"email":"awumeyfiona@gmail.com","level":"info","message":"✅ User registered successfully","plan":"THREE_MONTHS","service":"gemfitness","timestamp":"2025-12-16 06:43:10","userId":"cmj8xkjxg0003tpdgvby5xkl1"}
{"email":"awumeyfiona@gmail.com","level":"info","message":"AUTH: SIGNUP","plan":"THREE_MONTHS","service":"gemfitness","timestamp":"2025-12-16 06:43:10","userId":"cmj8xkjxg0003tpdgvby5xkl1"}
{"level":"info","message":"📧 MOCK EMAIL: Sending email","messageId":"msg_1765910590540_7gurcz4oc","service":"gemfitness","subject":"Welcome to GemFitness - Your Membership is Active! 🎉","timestamp":"2025-12-16 06:43:10","to":"awumeyfiona@gmail.com"}
{"level":"info","message":"User logged out","service":"gemfitness","timestamp":"2025-12-16 06:43:39","userId":"cmj8xkjxg0003tpdgvby5xkl1"}
{"level":"info","message":"AUTH: LOGOUT","service":"gemfitness","timestamp":"2025-12-16 06:43:39","userId":"cmj8xkjxg0003tpdgvby5xkl1"}
{"email":"kaylonprince@gmail.com","level":"info","message":"✅ User logged in successfully","role":"ADMIN","service":"gemfitness","timestamp":"2025-12-16 06:43:56","userId":"cmim96ft90005tpao07a5nf5y"}
{"email":"kaylonprince@gmail.com","level":"info","message":"AUTH: LOGIN","role":"ADMIN","service":"gemfitness","timestamp":"2025-12-16 06:43:56","userId":"cmim96ft90005tpao07a5nf5y"}
{"email":"kaylonprince@gmail.com","level":"warn","message":"Login attempt with incorrect password","service":"gemfitness","timestamp":"2025-12-16 06:44:07","userId":"cmim96ft90005tpao07a5nf5y"}
{"email":"kaylonprince@gmail.com","level":"info","message":"✅ User logged in successfully","role":"ADMIN","service":"gemfitness","timestamp":"2025-12-16 06:44:16","userId":"cmim96ft90005tpao07a5nf5y"}
{"email":"kaylonprince@gmail.com","level":"info","message":"AUTH: LOGIN","role":"ADMIN","service":"gemfitness","timestamp":"2025-12-16 06:44:16","userId":"cmim96ft90005tpao07a5nf5y"}
{"email":"kaylonprince@gmail.com","level":"info","message":"✅ User logged in successfully","role":"ADMIN","service":"gemfitness","timestamp":"2025-12-16 06:44:40","userId":"cmim96ft90005tpao07a5nf5y"}
{"email":"kaylonprince@gmail.com","level":"info","message":"AUTH: LOGIN","role":"ADMIN","service":"gemfitness","timestamp":"2025-12-16 06:44:40","userId":"cmim96ft90005tpao07a5nf5y"}
{"email":"kaylonprince@gmail.com","level":"info","message":"✅ User logged in successfully","role":"ADMIN","service":"gemfitness","timestamp":"2025-12-16 06:45:21","userId":"cmim96ft90005tpao07a5nf5y"}
{"email":"kaylonprince@gmail.com","level":"info","message":"AUTH: LOGIN","role":"ADMIN","service":"gemfitness","timestamp":"2025-12-16 06:45:21","userId":"cmim96ft90005tpao07a5nf5y"}
{"dateFilter":{"checkInTime":{"gte":"2025-12-16T00:00:00.000Z","lt":"2025-12-17T00:00:00.000Z"}},"level":"info","limit":null,"message":"Fetching check-ins","service":"gemfitness","timestamp":"2025-12-16 06:45:23"}
{"level":"info","message":"Found 0 check-ins for today","service":"gemfitness","timestamp":"2025-12-16 06:45:23"}
{"dateFilter":{"checkInTime":{"gte":"2025-12-16T00:00:00.000Z","lt":"2025-12-17T00:00:00.000Z"}},"level":"info","limit":null,"message":"Fetching check-ins","service":"gemfitness","timestamp":"2025-12-16 06:46:25"}
{"level":"info","message":"Found 0 check-ins for today","service":"gemfitness","timestamp":"2025-12-16 06:46:25"}
{"dateFilter":{"checkInTime":{"gte":"2025-12-16T00:00:00.000Z","lt":"2025-12-17T00:00:00.000Z"}},"level":"info","limit":null,"message":"Fetching check-ins","service":"gemfitness","timestamp":"2025-12-16 06:46:55"}
{"level":"info","message":"Found 0 check-ins for today","service":"gemfitness","timestamp":"2025-12-16 06:46:55"}
{"email":"awumeyfiona@gmail.com","level":"info","message":"✅ User logged in successfully","role":"MEMBER","service":"gemfitness","timestamp":"2025-12-16 06:47:21","userId":"cmj8xkjxg0003tpdgvby5xkl1"}
{"email":"awumeyfiona@gmail.com","level":"info","message":"AUTH: LOGIN","role":"MEMBER","service":"gemfitness","timestamp":"2025-12-16 06:47:21","userId":"cmj8xkjxg0003tpdgvby5xkl1"}
{"dateFilter":{"checkInTime":{"gte":"2025-12-16T00:00:00.000Z","lt":"2025-12-17T00:00:00.000Z"}},"level":"info","limit":null,"message":"Fetching check-ins","service":"gemfitness","timestamp":"2025-12-16 06:47:25"}
{"level":"info","message":"Found 0 check-ins for today","service":"gemfitness","timestamp":"2025-12-16 06:47:25"}
{"dateFilter":{"checkInTime":{"gte":"2025-12-16T00:00:00.000Z","lt":"2025-12-17T00:00:00.000Z"}},"level":"info","limit":null,"message":"Fetching check-ins","service":"gemfitness","timestamp":"2025-12-16 06:47:55"}
{"level":"info","message":"Found 0 check-ins for today","service":"gemfitness","timestamp":"2025-12-16 06:47:55"}
{"dateFilter":{"checkInTime":{"gte":"2025-12-16T00:00:00.000Z","lt":"2025-12-17T00:00:00.000Z"}},"level":"info","limit":null,"message":"Fetching check-ins","service":"gemfitness","timestamp":"2025-12-16 06:48:24"}
{"level":"info","message":"Found 0 check-ins for today","service":"gemfitness","timestamp":"2025-12-16 06:48:24"}
{"dateFilter":{"checkInTime":{"gte":"2025-12-16T00:00:00.000Z","lt":"2025-12-17T00:00:00.000Z"}},"level":"info","limit":null,"message":"Fetching check-ins","service":"gemfitness","timestamp":"2025-12-16 06:48:54"}
{"level":"info","message":"Found 0 check-ins for today","service":"gemfitness","timestamp":"2025-12-16 06:48:54"}
{"dateFilter":{"checkInTime":{"gte":"2025-12-16T00:00:00.000Z","lt":"2025-12-17T00:00:00.000Z"}},"level":"info","limit":null,"message":"Fetching check-ins","service":"gemfitness","timestamp":"2025-12-16 06:49:24"}
{"level":"info","message":"Found 0 check-ins for today","service":"gemfitness","timestamp":"2025-12-16 06:49:24"}
{"dateFilter":{"checkInTime":{"gte":"2025-12-16T00:00:00.000Z","lt":"2025-12-17T00:00:00.000Z"}},"level":"info","limit":null,"message":"Fetching check-ins","service":"gemfitness","timestamp":"2025-12-16 06:49:54"}
{"level":"info","message":"Found 0 check-ins for today","service":"gemfitness","timestamp":"2025-12-16 06:49:54"}
{"dateFilter":{"checkInTime":{"gte":"2025-12-16T00:00:00.000Z","lt":"2025-12-17T00:00:00.000Z"}},"level":"info","limit":null,"message":"Fetching check-ins","service":"gemfitness","timestamp":"2025-12-16 06:50:25"}
{"level":"info","message":"Found 0 check-ins for today","service":"gemfitness","timestamp":"2025-12-16 06:50:25"}
{"dateFilter":{"checkInTime":{"gte":"2025-12-16T00:00:00.000Z","lt":"2025-12-17T00:00:00.000Z"}},"level":"info","limit":null,"message":"Fetching check-ins","service":"gemfitness","timestamp":"2025-12-16 06:50:55"}
{"level":"info","message":"Found 0 check-ins for today","service":"gemfitness","timestamp":"2025-12-16 06:50:55"}
{"dateFilter":{"checkInTime":{"gte":"2025-12-16T00:00:00.000Z","lt":"2025-12-17T00:00:00.000Z"}},"level":"info","limit":null,"message":"Fetching check-ins","service":"gemfitness","timestamp":"2025-12-16 06:51:28"}
{"level":"info","message":"Found 0 check-ins for today","service":"gemfitness","timestamp":"2025-12-16 06:51:29"}
{"dateFilter":{"checkInTime":{"gte":"2025-12-16T00:00:00.000Z","lt":"2025-12-17T00:00:00.000Z"}},"level":"info","limit":null,"message":"Fetching check-ins","service":"gemfitness","timestamp":"2025-12-16 06:52:29"}
{"level":"info","message":"Found 0 check-ins for today","service":"gemfitness","timestamp":"2025-12-16 06:52:29"}
{"dateFilter":{"checkInTime":{"gte":"2025-12-16T00:00:00.000Z","lt":"2025-12-17T00:00:00.000Z"}},"level":"info","limit":null,"message":"Fetching check-ins","service":"gemfitness","timestamp":"2025-12-16 06:52:58"}
{"level":"info","message":"Found 0 check-ins for today","service":"gemfitness","timestamp":"2025-12-16 06:52:58"}
{"dateFilter":{"checkInTime":{"gte":"2025-12-16T00:00:00.000Z","lt":"2025-12-17T00:00:00.000Z"}},"level":"info","limit":null,"message":"Fetching check-ins","service":"gemfitness","timestamp":"2025-12-16 06:53:25"}
{"level":"info","message":"Found 0 check-ins for today","service":"gemfitness","timestamp":"2025-12-16 06:53:25"}
{"dateFilter":{"checkInTime":{"gte":"2025-12-16T00:00:00.000Z","lt":"2025-12-17T00:00:00.000Z"}},"level":"info","limit":null,"message":"Fetching check-ins","service":"gemfitness","timestamp":"2025-12-16 06:53:55"}
{"level":"info","message":"Found 0 check-ins for today","service":"gemfitness","timestamp":"2025-12-16 06:53:55"}
{"dateFilter":{"checkInTime":{"gte":"2025-12-16T00:00:00.000Z","lt":"2025-12-17T00:00:00.000Z"}},"level":"info","limit":null,"message":"Fetching check-ins","service":"gemfitness","timestamp":"2025-12-16 06:54:28"}
{"level":"info","message":"Found 0 check-ins for today","service":"gemfitness","timestamp":"2025-12-16 06:54:28"}
{"dateFilter":{"checkInTime":{"gte":"2025-12-16T00:00:00.000Z","lt":"2025-12-17T00:00:00.000Z"}},"level":"info","limit":null,"message":"Fetching check-ins","service":"gemfitness","timestamp":"2025-12-16 06:55:28"}
{"level":"info","message":"Found 0 check-ins for today","service":"gemfitness","timestamp":"2025-12-16 06:55:28"}
{"email":"kaylonprince@gmail.com","level":"info","message":"✅ User logged in successfully","role":"ADMIN","service":"gemfitness","timestamp":"2025-12-21 02:41:57","userId":"cmim96ft90005tpao07a5nf5y"}
{"email":"kaylonprince@gmail.com","level":"info","message":"AUTH: LOGIN","role":"ADMIN","service":"gemfitness","timestamp":"2025-12-21 02:41:57","userId":"cmim96ft90005tpao07a5nf5y"}
{"dateFilter":{"checkInTime":{"gte":"2025-12-21T00:00:00.000Z","lt":"2025-12-22T00:00:00.000Z"}},"level":"info","limit":null,"message":"Fetching check-ins","service":"gemfitness","timestamp":"2025-12-21 02:47:00"}
{"level":"info","message":"Found 0 check-ins for today","service":"gemfitness","timestamp":"2025-12-21 02:47:01"}
{"dateFilter":{"checkInTime":{"gte":"2025-11-21T14:52:17.659Z","lte":"2025-12-21T14:52:17.659Z"}},"level":"info","limit":null,"message":"Fetching check-ins","service":"gemfitness","timestamp":"2025-12-21 02:52:17"}
{"level":"info","message":"Found 3 check-ins for today","service":"gemfitness","timestamp":"2025-12-21 02:52:17"}
{"dateFilter":{"checkInTime":{"gte":"2025-12-21T00:00:00.000Z","lt":"2025-12-22T00:00:00.000Z"}},"level":"info","limit":null,"message":"Fetching check-ins","service":"gemfitness","timestamp":"2025-12-21 02:53:48"}
{"level":"info","message":"Found 1 check-ins for today","service":"gemfitness","timestamp":"2025-12-21 02:53:48"}
{"dateFilter":{"checkInTime":{"gte":"2025-12-21T00:00:00.000Z","lt":"2025-12-22T00:00:00.000Z"}},"level":"info","limit":null,"message":"Fetching check-ins","service":"gemfitness","timestamp":"2025-12-21 02:54:12"}
{"level":"info","message":"Found 1 check-ins for today","service":"gemfitness","timestamp":"2025-12-21 02:54:12"}
{"dateFilter":{"checkInTime":{"gte":"2025-12-21T00:00:00.000Z","lt":"2025-12-22T00:00:00.000Z"}},"level":"info","limit":null,"message":"Fetching check-ins","service":"gemfitness","timestamp":"2025-12-21 02:54:42"}
{"level":"info","message":"Found 1 check-ins for today","service":"gemfitness","timestamp":"2025-12-21 02:54:42"}
{"dateFilter":{"checkInTime":{"gte":"2025-12-21T00:00:00.000Z","lt":"2025-12-22T00:00:00.000Z"}},"level":"info","limit":null,"message":"Fetching check-ins","service":"gemfitness","timestamp":"2025-12-21 02:55:12"}
{"level":"info","message":"Found 1 check-ins for today","service":"gemfitness","timestamp":"2025-12-21 02:55:13"}
{"dateFilter":{"checkInTime":{"gte":"2025-12-21T00:00:00.000Z","lt":"2025-12-22T00:00:00.000Z"}},"level":"info","limit":null,"message":"Fetching check-ins","service":"gemfitness","timestamp":"2025-12-21 02:55:42"}
{"level":"info","message":"Found 1 check-ins for today","service":"gemfitness","timestamp":"2025-12-21 02:55:42"}
{"dateFilter":{"checkInTime":{"gte":"2025-12-21T00:00:00.000Z","lt":"2025-12-22T00:00:00.000Z"}},"level":"info","limit":null,"message":"Fetching check-ins","service":"gemfitness","timestamp":"2025-12-21 02:56:12"}
{"level":"info","message":"Found 1 check-ins for today","service":"gemfitness","timestamp":"2025-12-21 02:56:12"}
{"dateFilter":{"checkInTime":{"gte":"2025-12-21T00:00:00.000Z","lt":"2025-12-22T00:00:00.000Z"}},"level":"info","limit":null,"message":"Fetching check-ins","service":"gemfitness","timestamp":"2025-12-21 02:56:42"}
{"level":"info","message":"Found 1 check-ins for today","service":"gemfitness","timestamp":"2025-12-21 02:56:43"}
{"dateFilter":{"checkInTime":{"gte":"2025-12-21T00:00:00.000Z","lt":"2025-12-22T00:00:00.000Z"}},"level":"info","limit":null,"message":"Fetching check-ins","service":"gemfitness","timestamp":"2025-12-21 02:57:12"}
{"level":"info","message":"Found 1 check-ins for today","service":"gemfitness","timestamp":"2025-12-21 02:57:12"}
{"dateFilter":{"checkInTime":{"gte":"2025-12-21T00:00:00.000Z","lt":"2025-12-22T00:00:00.000Z"}},"level":"info","limit":null,"message":"Fetching check-ins","service":"gemfitness","timestamp":"2025-12-21 02:57:42"}
{"level":"info","message":"Found 1 check-ins for today","service":"gemfitness","timestamp":"2025-12-21 02:57:42"}
{"dateFilter":{"checkInTime":{"gte":"2025-12-21T00:00:00.000Z","lt":"2025-12-22T00:00:00.000Z"}},"level":"info","limit":null,"message":"Fetching check-ins","service":"gemfitness","timestamp":"2025-12-21 02:58:12"}
{"level":"info","message":"Found 1 check-ins for today","service":"gemfitness","timestamp":"2025-12-21 02:58:13"}
{"dateFilter":{"checkInTime":{"gte":"2025-12-21T00:00:00.000Z","lt":"2025-12-22T00:00:00.000Z"}},"level":"info","limit":null,"message":"Fetching check-ins","service":"gemfitness","timestamp":"2025-12-21 02:58:42"}
{"level":"info","message":"Found 1 check-ins for today","service":"gemfitness","timestamp":"2025-12-21 02:58:43"}
{"dateFilter":{"checkInTime":{"gte":"2025-12-21T00:00:00.000Z","lt":"2025-12-22T00:00:00.000Z"}},"level":"info","limit":null,"message":"Fetching check-ins","service":"gemfitness","timestamp":"2025-12-21 02:59:12"}
{"level":"info","message":"Found 1 check-ins for today","service":"gemfitness","timestamp":"2025-12-21 02:59:13"}
{"dateFilter":{"checkInTime":{"gte":"2025-12-21T00:00:00.000Z","lt":"2025-12-22T00:00:00.000Z"}},"level":"info","limit":null,"message":"Fetching check-ins","service":"gemfitness","timestamp":"2025-12-21 02:59:43"}
{"level":"info","message":"Found 1 check-ins for today","service":"gemfitness","timestamp":"2025-12-21 02:59:43"}
{"dateFilter":{"checkInTime":{"gte":"2025-12-21T00:00:00.000Z","lt":"2025-12-22T00:00:00.000Z"}},"level":"info","limit":null,"message":"Fetching check-ins","service":"gemfitness","timestamp":"2025-12-21 03:00:12"}
{"level":"info","message":"Found 1 check-ins for today","service":"gemfitness","timestamp":"2025-12-21 03:00:13"}
{"dateFilter":{"checkInTime":{"gte":"2025-12-21T00:00:00.000Z","lt":"2025-12-22T00:00:00.000Z"}},"level":"info","limit":null,"message":"Fetching check-ins","service":"gemfitness","timestamp":"2025-12-21 03:00:43"}
{"level":"info","message":"Found 1 check-ins for today","service":"gemfitness","timestamp":"2025-12-21 03:00:43"}
{"dateFilter":{"checkInTime":{"gte":"2025-12-21T00:00:00.000Z","lt":"2025-12-22T00:00:00.000Z"}},"level":"info","limit":null,"message":"Fetching check-ins","service":"gemfitness","timestamp":"2025-12-21 03:01:12"}
{"level":"info","message":"Found 1 check-ins for today","service":"gemfitness","timestamp":"2025-12-21 03:01:13"}
{"dateFilter":{"checkInTime":{"gte":"2025-12-21T00:00:00.000Z","lt":"2025-12-22T00:00:00.000Z"}},"level":"info","limit":null,"message":"Fetching check-ins","service":"gemfitness","timestamp":"2025-12-21 03:01:43"}
{"level":"info","message":"Found 1 check-ins for today","service":"gemfitness","timestamp":"2025-12-21 03:01:43"}
{"dateFilter":{"checkInTime":{"gte":"2025-12-21T00:00:00.000Z","lt":"2025-12-22T00:00:00.000Z"}},"level":"info","limit":null,"message":"Fetching check-ins","service":"gemfitness","timestamp":"2025-12-21 03:02:13"}
{"level":"info","message":"Found 1 check-ins for today","service":"gemfitness","timestamp":"2025-12-21 03:02:13"}
{"dateFilter":{"checkInTime":{"gte":"2025-12-21T00:00:00.000Z","lt":"2025-12-22T00:00:00.000Z"}},"level":"info","limit":null,"message":"Fetching check-ins","service":"gemfitness","timestamp":"2025-12-21 03:02:43"}
{"level":"info","message":"Found 1 check-ins for today","service":"gemfitness","timestamp":"2025-12-21 03:02:43"}
{"dateFilter":{"checkInTime":{"gte":"2025-12-21T00:00:00.000Z","lt":"2025-12-22T00:00:00.000Z"}},"level":"info","limit":null,"message":"Fetching check-ins","service":"gemfitness","timestamp":"2025-12-21 03:03:12"}
{"level":"info","message":"Found 1 check-ins for today","service":"gemfitness","timestamp":"2025-12-21 03:03:12"}
{"dateFilter":{"checkInTime":{"gte":"2025-12-21T00:00:00.000Z","lt":"2025-12-22T00:00:00.000Z"}},"level":"info","limit":null,"message":"Fetching check-ins","service":"gemfitness","timestamp":"2025-12-21 03:03:42"}
{"level":"info","message":"Found 1 check-ins for today","service":"gemfitness","timestamp":"2025-12-21 03:03:42"}
{"dateFilter":{"checkInTime":{"gte":"2025-12-21T00:00:00.000Z","lt":"2025-12-22T00:00:00.000Z"}},"level":"info","limit":null,"message":"Fetching check-ins","service":"gemfitness","timestamp":"2025-12-21 03:04:13"}
{"level":"info","message":"Found 1 check-ins for today","service":"gemfitness","timestamp":"2025-12-21 03:04:13"}
{"dateFilter":{"checkInTime":{"gte":"2025-12-21T00:00:00.000Z","lt":"2025-12-22T00:00:00.000Z"}},"level":"info","limit":null,"message":"Fetching check-ins","service":"gemfitness","timestamp":"2025-12-21 03:04:42"}
{"level":"info","message":"Found 1 check-ins for today","service":"gemfitness","timestamp":"2025-12-21 03:04:42"}
{"dateFilter":{"checkInTime":{"gte":"2025-12-21T00:00:00.000Z","lt":"2025-12-22T00:00:00.000Z"}},"level":"info","limit":null,"message":"Fetching check-ins","service":"gemfitness","timestamp":"2025-12-21 03:05:12"}
{"level":"info","message":"Found 1 check-ins for today","service":"gemfitness","timestamp":"2025-12-21 03:05:12"}
{"dateFilter":{"checkInTime":{"gte":"2025-12-21T00:00:00.000Z","lt":"2025-12-22T00:00:00.000Z"}},"level":"info","limit":null,"message":"Fetching check-ins","service":"gemfitness","timestamp":"2025-12-21 03:05:42"}
{"level":"info","message":"Found 1 check-ins for today","service":"gemfitness","timestamp":"2025-12-21 03:05:42"}
{"dateFilter":{"checkInTime":{"gte":"2025-12-21T00:00:00.000Z","lt":"2025-12-22T00:00:00.000Z"}},"level":"info","limit":null,"message":"Fetching check-ins","service":"gemfitness","timestamp":"2025-12-21 03:06:12"}
{"level":"info","message":"Found 1 check-ins for today","service":"gemfitness","timestamp":"2025-12-21 03:06:12"}
{"dateFilter":{"checkInTime":{"gte":"2025-12-21T00:00:00.000Z","lt":"2025-12-22T00:00:00.000Z"}},"level":"info","limit":null,"message":"Fetching check-ins","service":"gemfitness","timestamp":"2025-12-21 03:06:42"}
{"level":"info","message":"Found 1 check-ins for today","service":"gemfitness","timestamp":"2025-12-21 03:06:42"}
{"dateFilter":{"checkInTime":{"gte":"2025-12-21T00:00:00.000Z","lt":"2025-12-22T00:00:00.000Z"}},"level":"info","limit":null,"message":"Fetching check-ins","service":"gemfitness","timestamp":"2025-12-21 03:07:12"}
{"level":"info","message":"Found 1 check-ins for today","service":"gemfitness","timestamp":"2025-12-21 03:07:12"}
{"dateFilter":{"checkInTime":{"gte":"2025-12-21T00:00:00.000Z","lt":"2025-12-22T00:00:00.000Z"}},"level":"info","limit":null,"message":"Fetching check-ins","service":"gemfitness","timestamp":"2025-12-21 03:07:42"}
{"level":"info","message":"Found 1 check-ins for today","service":"gemfitness","timestamp":"2025-12-21 03:07:42"}
{"dateFilter":{"checkInTime":{"gte":"2025-12-21T00:00:00.000Z","lt":"2025-12-22T00:00:00.000Z"}},"level":"info","limit":null,"message":"Fetching check-ins","service":"gemfitness","timestamp":"2025-12-21 03:08:12"}
{"level":"info","message":"Found 1 check-ins for today","service":"gemfitness","timestamp":"2025-12-21 03:08:12"}
{"dateFilter":{"checkInTime":{"gte":"2025-12-21T00:00:00.000Z","lt":"2025-12-22T00:00:00.000Z"}},"level":"info","limit":null,"message":"Fetching check-ins","service":"gemfitness","timestamp":"2025-12-21 03:08:43"}
{"level":"info","message":"Found 1 check-ins for today","service":"gemfitness","timestamp":"2025-12-21 03:08:43"}
{"dateFilter":{"checkInTime":{"gte":"2025-12-21T00:00:00.000Z","lt":"2025-12-22T00:00:00.000Z"}},"level":"info","limit":null,"message":"Fetching check-ins","service":"gemfitness","timestamp":"2025-12-21 03:09:12"}
{"level":"info","message":"Found 1 check-ins for today","service":"gemfitness","timestamp":"2025-12-21 03:09:12"}
{"dateFilter":{"checkInTime":{"gte":"2025-12-21T00:00:00.000Z","lt":"2025-12-22T00:00:00.000Z"}},"level":"info","limit":null,"message":"Fetching check-ins","service":"gemfitness","timestamp":"2025-12-21 03:09:42"}
{"level":"info","message":"Found 1 check-ins for today","service":"gemfitness","timestamp":"2025-12-21 03:09:42"}
{"dateFilter":{"checkInTime":{"gte":"2025-12-21T00:00:00.000Z","lt":"2025-12-22T00:00:00.000Z"}},"level":"info","limit":null,"message":"Fetching check-ins","service":"gemfitness","timestamp":"2025-12-21 03:10:12"}
{"level":"info","message":"Found 1 check-ins for today","service":"gemfitness","timestamp":"2025-12-21 03:10:12"}
{"dateFilter":{"checkInTime":{"gte":"2025-12-21T00:00:00.000Z","lt":"2025-12-22T00:00:00.000Z"}},"level":"info","limit":null,"message":"Fetching check-ins","service":"gemfitness","timestamp":"2025-12-21 03:10:42"}
{"level":"info","message":"Found 1 check-ins for today","service":"gemfitness","timestamp":"2025-12-21 03:10:42"}
{"dateFilter":{"checkInTime":{"gte":"2025-12-21T00:00:00.000Z","lt":"2025-12-22T00:00:00.000Z"}},"level":"info","limit":null,"message":"Fetching check-ins","service":"gemfitness","timestamp":"2025-12-21 03:11:12"}
{"level":"info","message":"Found 1 check-ins for today","service":"gemfitness","timestamp":"2025-12-21 03:11:12"}
{"dateFilter":{"checkInTime":{"gte":"2025-12-21T00:00:00.000Z","lt":"2025-12-22T00:00:00.000Z"}},"level":"info","limit":null,"message":"Fetching check-ins","service":"gemfitness","timestamp":"2025-12-21 03:11:42"}
{"level":"info","message":"Found 1 check-ins for today","service":"gemfitness","timestamp":"2025-12-21 03:11:42"}
{"dateFilter":{"checkInTime":{"gte":"2025-12-21T00:00:00.000Z","lt":"2025-12-22T00:00:00.000Z"}},"level":"info","limit":null,"message":"Fetching check-ins","service":"gemfitness","timestamp":"2025-12-21 03:12:12"}
{"level":"info","message":"Found 1 check-ins for today","service":"gemfitness","timestamp":"2025-12-21 03:12:12"}
{"dateFilter":{"checkInTime":{"gte":"2025-12-21T00:00:00.000Z","lt":"2025-12-22T00:00:00.000Z"}},"level":"info","limit":null,"message":"Fetching check-ins","service":"gemfitness","timestamp":"2025-12-21 03:12:42"}
{"level":"info","message":"Found 1 check-ins for today","service":"gemfitness","timestamp":"2025-12-21 03:12:42"}
{"dateFilter":{"checkInTime":{"gte":"2025-12-21T00:00:00.000Z","lt":"2025-12-22T00:00:00.000Z"}},"level":"info","limit":null,"message":"Fetching check-ins","service":"gemfitness","timestamp":"2025-12-21 03:13:12"}
{"level":"info","message":"Found 1 check-ins for today","service":"gemfitness","timestamp":"2025-12-21 03:13:12"}
{"dateFilter":{"checkInTime":{"gte":"2025-12-21T00:00:00.000Z","lt":"2025-12-22T00:00:00.000Z"}},"level":"info","limit":null,"message":"Fetching check-ins","service":"gemfitness","timestamp":"2025-12-21 03:13:42"}
{"level":"info","message":"Found 1 check-ins for today","service":"gemfitness","timestamp":"2025-12-21 03:13:42"}
{"dateFilter":{"checkInTime":{"gte":"2025-12-21T00:00:00.000Z","lt":"2025-12-22T00:00:00.000Z"}},"level":"info","limit":null,"message":"Fetching check-ins","service":"gemfitness","timestamp":"2025-12-21 03:14:12"}
{"level":"info","message":"Found 1 check-ins for today","service":"gemfitness","timestamp":"2025-12-21 03:14:12"}
{"dateFilter":{"checkInTime":{"gte":"2025-12-21T00:00:00.000Z","lt":"2025-12-22T00:00:00.000Z"}},"level":"info","limit":null,"message":"Fetching check-ins","service":"gemfitness","timestamp":"2025-12-21 03:14:42"}
{"level":"info","message":"Found 1 check-ins for today","service":"gemfitness","timestamp":"2025-12-21 03:14:42"}
{"dateFilter":{"checkInTime":{"gte":"2025-12-21T00:00:00.000Z","lt":"2025-12-22T00:00:00.000Z"}},"level":"info","limit":null,"message":"Fetching check-ins","service":"gemfitness","timestamp":"2025-12-21 03:15:12"}
{"level":"info","message":"Found 1 check-ins for today","service":"gemfitness","timestamp":"2025-12-21 03:15:13"}
{"dateFilter":{"checkInTime":{"gte":"2025-12-21T00:00:00.000Z","lt":"2025-12-22T00:00:00.000Z"}},"level":"info","limit":null,"message":"Fetching check-ins","service":"gemfitness","timestamp":"2025-12-21 03:15:42"}
{"level":"info","message":"Found 1 check-ins for today","service":"gemfitness","timestamp":"2025-12-21 03:15:42"}
{"dateFilter":{"checkInTime":{"gte":"2025-12-21T00:00:00.000Z","lt":"2025-12-22T00:00:00.000Z"}},"level":"info","limit":null,"message":"Fetching check-ins","service":"gemfitness","timestamp":"2025-12-21 03:16:12"}
{"level":"info","message":"Found 1 check-ins for today","service":"gemfitness","timestamp":"2025-12-21 03:16:12"}
{"dateFilter":{"checkInTime":{"gte":"2025-12-21T00:00:00.000Z","lt":"2025-12-22T00:00:00.000Z"}},"level":"info","limit":null,"message":"Fetching check-ins","service":"gemfitness","timestamp":"2025-12-21 03:16:42"}
{"level":"info","message":"Found 1 check-ins for today","service":"gemfitness","timestamp":"2025-12-21 03:16:43"}
{"dateFilter":{"checkInTime":{"gte":"2025-12-21T00:00:00.000Z","lt":"2025-12-22T00:00:00.000Z"}},"level":"info","limit":null,"message":"Fetching check-ins","service":"gemfitness","timestamp":"2025-12-21 03:16:57"}
{"level":"info","message":"Found 2 check-ins for today","service":"gemfitness","timestamp":"2025-12-21 03:16:57"}
{"dateFilter":{"checkInTime":{"gte":"2025-12-21T00:00:00.000Z","lt":"2025-12-22T00:00:00.000Z"}},"level":"info","limit":null,"message":"Fetching check-ins","service":"gemfitness","timestamp":"2025-12-21 03:17:13"}
{"level":"info","message":"Found 2 check-ins for today","service":"gemfitness","timestamp":"2025-12-21 03:17:13"}
{"dateFilter":{"checkInTime":{"gte":"2025-12-21T00:00:00.000Z","lt":"2025-12-22T00:00:00.000Z"}},"level":"info","limit":null,"message":"Fetching check-ins","service":"gemfitness","timestamp":"2025-12-21 03:17:43"}
{"level":"info","message":"Found 2 check-ins for today","service":"gemfitness","timestamp":"2025-12-21 03:17:43"}
